"DATA_YEAR","SUSPECTED_DRUG_TYPE_ID","PROPERTY_ID","EST_DRUG_QTY","DRUG_MEASURE_TYPE_ID","NIBRS_SUSPECTED_DRUG_ID"
2019,5,117796497,9.5,1,11841900
2019,12,117796574,4,1,11841904
2019,12,117803049,2,9,11846104
2019,12,117802825,0.2,1,11846055
2019,2,117802835,1,9,11846058
2019,5,117802837,2,9,11846059
2019,4,117802840,1,9,11846060
2019,5,117802843,4,9,11846061
2019,5,117802863,9,9,11846064
2019,5,117802890,4,9,11846072
2019,5,117802893,1,9,11846075
2019,5,117802905,1,9,11846078
2019,5,117802914,1,1,11846079
2019,8,117802962,1,9,11846082
2019,5,117802967,1,9,11846083
2019,16,117802969,4,9,11846084
2019,5,117802972,5,9,11846086
2019,16,117802972,131,9,11846088
2019,11,117802972,1,9,11846087
2019,9,117802989,5,9,11846095
2019,5,117803006,1,9,11846096
2019,12,115743412,0.5,1,11296687
2019,4,115743412,1,9,11296686
2019,12,115743766,8,1,11289747
2019,12,115738361,7,9,11289751
2019,5,115744315,1,9,11285782
2019,5,115738387,1,1,11296775
2019,2,115738387,1,9,11289753
2019,12,115738387,1,9,11285785
2019,5,115738431,1,1,11296782
2019,2,115743881,1,9,11289762
2019,5,115743881,1,9,11285799
2019,16,117802412,1,1,11845993
2019,5,117802427,1,9,11845996
2019,17,117802427,1,9,11845998
2019,17,117802513,1,9,11846009
2019,8,117802427,222,9,11845997
2019,5,117802521,0.3,1,11846010
2019,5,117802525,2,1,11846011
2019,5,117807102,32,1,11848143
2019,12,117802565,0.3,1,11846019
2019,8,117802578,1,9,11846020
2019,5,117807138,1,1,11848149
2019,12,117802584,1,9,11846025
2019,5,117802585,7.92,1,11846026
2019,17,117802585,10.97,1,11846027
2019,11,117802592,1,9,11846029
2019,4,117802592,1,9,11846028
2019,5,117802609,1,9,11846031
2019,5,117802615,4.48,1,11846032
2019,16,117802623,17,9,11846033
2019,5,117802651,2.39,1,11846034
2019,12,117802651,0.58,1,11846035
2019,8,117807227,50,9,11848158
2019,17,117802691,0.59,1,11846036
2019,4,117802700,1,9,11846037
2019,12,117802700,1,9,11846038
2019,15,117802700,14,9,11846039
2019,8,117802724,1,9,11846041
2019,5,117807293,1,9,11848164
2019,8,117807297,2,9,11848167
2019,5,117802734,1,9,11846042
2019,12,117802742,1,9,11846043
2019,12,117802743,1,9,11846044
2019,5,117802752,1,9,11846045
2019,5,117802759,1,9,11846046
2019,5,117802766,1,9,11846047
2019,16,117802767,1,9,11846049
2019,2,117802767,1,9,11846048
2019,5,117802769,1,9,11846050
2019,8,117802782,2,9,11846051
2019,8,120932407,19,9,12937110
2019,5,121579718,10.6,1,13108265
2019,12,121579718,0.2,1,13119135
2019,12,121579732,1,11,13119137
2019,12,121578294,1,1,13114023
2019,12,121584733,3,9,13108364
2019,17,121584733,4.5,9,13108365
2019,15,121584733,1,9,13119180
2019,17,121584745,1,9,13108373
2019,4,121584783,1,9,13108385
2019,12,121584812,9.5,9,13108390
2019,12,121584923,0.48,1,13114032
2019,16,121578347,1,9,13108420
2019,8,121578347,1,9,13108419
2019,5,121585035,1.2,1,13108438
2019,5,121585122,1,9,13108447
2019,8,120936382,1,9,12947608
2019,12,120936382,2,1,12947609
2019,5,120936382,1,1,12947607
2019,5,120936388,1,9,12947611
2019,4,120936351,1,9,12947595
2019,5,121578134,0.9,1,13114002
2019,5,121578145,2,1,13114003
2019,5,121578178,11.5,1,13114004
2019,12,121579866,1,9,13119153
2019,12,121579882,0.7,1,13119155
2019,5,120928141,1,11,12937083
2019,12,120936201,2.3,1,12947570
2019,8,120936219,0.7,1,12947572
2019,5,120936219,11.5,9,12947571
2019,5,121578298,2.67,1,13114024
2019,5,121578304,1,9,13114026
2019,8,121578304,1,9,13114027
2019,12,121584807,1,1,13108388
2019,8,121584823,1,9,13108394
2019,12,121578327,1,9,13108409
2019,5,121578338,1,3,13108413
2019,5,121585070,7.97,1,13108441
2019,17,121585070,1,9,13108442
2019,12,121578398,3,1,13114039
2019,5,121578407,1,1,13119193
2019,12,121578411,1,9,13114042
2019,4,121578411,1,9,13114041
2019,8,121585198,1,9,13108465
2019,5,121578460,1,9,13114047
2019,8,121578492,1,9,13119214
2019,8,121578499,92,9,13108469
2019,12,121578500,0.64,1,13114051
2019,8,121578511,1,9,13114052
2019,4,121578513,2.14,1,13114053
2019,12,121578513,12.98,1,13114054
2019,12,121585273,1.5,1,13108471
2019,5,120932279,2,1,12937091
2019,5,120936242,2.3,1,12947573
2019,5,120936277,5.2,1,12947580
2019,7,120936279,192.5,9,12947582
2019,17,119234796,1,9,12382492
2019,12,119234764,7,1,12382489
2019,5,119234784,1.6,1,12382490
2019,17,119234932,1,9,12364736
2019,8,119234953,2,9,12382521
2019,5,120318679,1,9,12800208
2019,18,120318679,,,12800210
2019,8,120318679,57,9,12800209
2019,5,120318850,1,9,12800252
2019,16,120318873,1,9,12800261
2019,8,120318885,1,9,12800265
2019,8,120318893,1,9,12800266
2019,5,120318710,1,9,12800221
2019,13,120318794,5,9,12800238
2019,2,120318865,1,9,12800258
2019,5,120318865,1,9,12800259
2019,8,120318865,1,9,12800260
2019,5,120318925,2.4,1,12800272
2019,4,120285893,2,9,12792761
2019,5,120318969,1,9,12800275
2019,17,120319034,1,9,12800290
2019,5,120319093,1,9,12800304
2019,8,120285932,1,9,12792769
2019,5,120319118,0.6,1,12800308
2019,16,120318316,13.9,1,12800153
2019,8,120318316,1,9,12800152
2019,18,120318316,,,12800154
2019,5,119234752,1,9,12382488
2019,5,119234794,1,3,12382491
2019,5,119234817,0.2,1,12382496
2019,12,119234862,2.5,1,12364730
2019,5,119234862,1,1,12382498
2019,16,119234964,,,12364738
2019,5,119234976,1.5,9,12382533
2019,5,119235021,2,9,12382539
2019,8,119173199,5,9,12337915
2019,5,119173199,1,9,12337914
2019,17,119235053,0.3,1,12382550
2019,8,119235057,5,9,12382552
2019,8,119235083,1,9,12382559
2019,4,119235095,28,1,12382561
2019,5,119235096,1,9,12382562
2019,4,119235098,7,1,12382564
2019,12,119235098,1,9,12382565
2019,12,119235110,0.3,1,12382566
2019,5,119173296,4.5,1,12337924
2019,5,119235141,1,1,12382568
2019,3,119235161,1,9,12382571
2019,5,119235173,1,9,12382572
2019,9,119235235,1,9,12382580
2019,5,119172847,1,9,12337830
2019,8,119234994,1,9,12382535
2019,9,119234994,2,9,12382536
2019,8,119234998,4,9,12382537
2019,12,119172982,6,1,12337857
2019,12,119173071,1,9,12337879
2019,5,119235028,3,9,12382541
2019,16,119235028,3,9,12382542
2019,8,119235029,1,9,12382543
2019,2,119173182,1,9,12382544
2019,4,119173182,8,9,12382545
2019,18,119173182,,,12382546
2019,12,119235045,2,9,12382548
2019,15,119235045,21,9,12382549
2019,12,119235056,1.5,1,12382551
2019,16,119235067,1,9,12382555
2019,16,119235077,1,9,12382558
2019,8,119235087,1,9,12382560
2019,5,120318445,4.2,1,12800167
2019,16,120318445,0.25,7,12800168
2019,12,120318453,4.5,1,12800171
2019,16,120318486,30,9,12800172
2019,5,120318494,1.4,1,12800173
2019,12,120318526,21,1,12800176
2019,12,120318529,1,9,12800177
2019,17,120318565,15.6,1,12800181
2019,5,120318605,1,9,12800192
2019,8,120318787,1,9,12800237
2019,12,120318636,1,9,12800198
2019,12,120318644,2,1,12800200
2019,4,120318658,1,9,12800202
2019,5,120318824,0.2,1,12800248
2019,5,120318927,1,9,12800273
2019,5,120318957,1,9,12800274
2019,4,120285895,1,9,12792762
2019,17,120318974,1,9,12800277
2019,5,120318974,1,1,12800276
2019,8,120318995,4,9,12800279
2019,5,120319001,1,7,12800280
2019,12,120319013,1,9,12800284
2019,4,120319013,1,9,12800283
2019,5,120319018,2,9,12800285
2019,11,120319018,1,9,12800286
2019,8,120319042,1,5,12800292
2019,8,120319055,1,9,12800294
2019,8,120319067,3,9,12800297
2019,5,120514778,1.9,1,12857526
2019,17,120514797,1,9,12857529
2019,5,120514797,1,9,12857528
2019,5,120509894,0.7,1,12852536
2019,12,120514806,71,4,12857531
2019,5,120508998,4,9,12838274
2019,8,120318378,1,9,12800159
2019,8,120318709,14,9,12800219
2019,17,120318709,1,9,12800220
2019,5,120318709,4,9,12800216
2019,5,120318374,0.5,1,12800157
2019,5,120318371,8.1,1,12800156
2019,5,120318377,0.2,1,12800158
2019,12,120318420,0.258,1,12800164
2019,12,120318355,2,9,12800155
2019,4,120318420,0.5,1,12800163
2019,5,120318446,1,9,12800169
2019,5,120318495,0.4,1,12800174
2019,5,120318497,1,9,12800175
2019,12,120318566,2,1,12800182
2019,5,120318568,12,1,12800183
2019,5,120318573,41.8,1,12800184
2019,8,120318573,222.8,1,12800185
2019,5,120318677,7.4,9,12800207
2019,16,120318685,3,9,12800211
2019,8,120318721,1,1,12792757
2019,5,120318752,1,9,12800228
2019,16,120318752,1,9,12800229
2019,5,120318754,21,9,12800230
2019,11,120318754,2,9,12800232
2019,8,120318754,101,9,12800231
2019,12,120318765,28,1,12800235
2019,8,120318765,114,9,12800234
2019,12,120318808,1.7,1,12800243
2019,5,120318811,1,9,12800244
2019,8,120318811,1,9,12800245
2019,5,120318812,2,1,12800246
2019,8,120318830,1,9,12800249
2019,5,120318830,3,1,12792758
2019,11,120318848,1,1,12800251
2019,8,120318851,1,9,12800253
2019,5,120318855,3,9,12800254
2019,16,120318855,2,9,12800255
2019,16,120318857,10,9,12800256
2019,8,120318862,1,9,12800257
2019,4,120285878,1,9,12792759
2019,16,120318383,0.5,7,12800160
2019,5,120318417,1,1,12800161
2019,5,120318419,1.5,1,12800162
2019,8,120318451,1,9,12800170
2019,2,120318531,1.5,1,12800178
2019,5,120318536,10,1,12800179
2019,5,120318546,2.8,1,12800180
2019,5,120318578,2,1,12800186
2019,8,120318664,1,1,12800205
2019,5,120318742,1,9,12800225
2019,5,120318807,1,9,12800242
2019,16,120285883,1.4,1,12800269
2019,17,120285883,42,1,12800270
2019,5,120285883,7.5,1,12800268
2019,12,120318988,1,9,12800278
2019,12,120319005,1,9,12800281
2019,5,120319031,28,1,12800288
2019,8,120319036,1,9,12800291
2019,12,120319050,1,1,12800293
2019,12,120319058,1,9,12800295
2019,5,120319069,3.5,1,12800298
2019,5,120319101,3.3,1,12800306
2019,5,120319114,1,1,12800307
2019,5,120319121,1,1,12800309
2019,12,120319121,1,1,12800310
2019,8,120319122,10,9,12800311
2019,16,120319122,3,9,12800312
2019,5,120319139,1.2,1,12800317
2019,5,120319146,25,1,12800321
2019,12,120319146,15.5,1,12800322
2019,5,120319147,0.1,1,12800323
2019,5,120319150,2,1,12800325
2019,12,120319157,0.25,9,12792782
2019,5,120319159,1,9,12800330
2019,5,120319162,1,9,12800331
2019,5,120514743,3,1,12857517
2019,12,120514752,1.8,1,12857518
2019,12,120514753,2,9,12857520
2019,5,120509814,1,11,12852532
2019,16,120514753,2,9,12857521
2019,5,120514753,6.5,9,12857519
2019,5,120514754,8.8,1,12857522
2019,5,120514767,20.5,1,12857524
2019,12,120514772,1.2,1,12857525
2019,5,120514791,0.5,1,12852534
2019,16,120514791,2,9,12857527
2019,5,120514796,17.6,1,12838271
2019,7,120509887,16,9,12857530
2019,12,120509887,11.4,1,12852535
2019,5,117796484,2,1,11841898
2019,5,115738038,0.8,1,11285655
2019,12,115738038,10.2,1,11285656
2019,16,115738038,1,9,11285657
2019,4,115738307,1,9,11285767
2019,5,115743739,1,9,11289743
2019,12,115743739,1,9,11289745
2019,8,115743739,1,9,11289744
2019,5,115738348,1,9,11285773
2019,5,115744303,1,9,11289750
2019,8,115744314,1,9,11296774
2019,12,115738408,1,9,11289755
2019,18,115738457,,,11296786
2019,5,115738457,3,9,11289759
2019,4,115738457,1,9,11289758
2019,5,115738487,2,1,11285803
2019,18,117802429,,,11846001
2019,2,117802429,1,9,11845999
2019,5,117802429,1,9,11846000
2019,5,117414040,46.3,1,11763970
2019,8,117414120,12,9,11763997
2019,5,117421949,0.78,1,11769067
2019,2,117422026,4,1,11769084
2019,16,117422051,1,1,11760079
2019,16,117421737,1,9,11769036
2019,5,117413983,1.31,1,11763956
2019,5,117418744,1.2,1,11760033
2019,5,117421845,2.49,1,11769041
2019,12,117421849,1,9,11769042
2019,16,117421851,136,9,11769043
2019,12,117421901,1,9,11763989
2019,5,117414164,1,1,11760069
2019,8,117421963,1,9,11764010
2019,8,117421978,1,9,11769075
2019,12,117418707,1,11,11760027
2019,5,117418732,0.58,1,11760029
2019,12,117418732,2.84,1,11760030
2019,5,117413986,1.12,1,11763957
2019,16,117421786,3.5,9,11760034
2019,12,117414037,0.27,1,11763969
2019,4,116055257,1,9,11402420
2019,5,116055361,1,9,11402444
2019,8,116055504,3,9,11402463
2019,4,116055031,0.6,1,11402377
2019,5,116055301,1,9,11402428
2019,5,116050759,1,9,11397459
2019,17,116055414,1,9,11397481
2019,12,116050837,1,9,11397487
2019,4,116050837,1,9,11397486
2019,5,116055522,2,9,11402468
2019,5,116050408,1,9,11397376
2019,16,116055029,1,1,11402376
2019,5,116055040,3.9,1,11397382
2019,8,116050677,1,7,11397442
2019,4,116055314,1,9,11402431
2019,5,116050831,2,9,11397484
2019,8,116050855,10,9,11397490
2019,5,116055472,1,9,11397491
2019,12,116050433,0.6,1,11397380
2019,8,116050794,1,7,11402446
2019,5,116050801,1,1,11397473
2019,5,116055280,1,9,11397446
2019,12,116050748,1,1,11397454
2019,12,116055350,0.1,1,11397469
2019,5,116050811,2,9,11397474
2019,8,116050945,1,9,11397500
2019,5,116050945,1,9,11397499
2019,12,116055013,1.3,1,11402373
2019,5,116050445,1.799,9,11397381
2019,5,116055422,1,9,11397485
2019,2,116055463,1,9,11402454
2019,5,116055463,6,9,11402455
2019,18,116055463,,,11402456
2019,5,116055527,2,9,11402469
2019,5,116050765,1,9,11397465
2019,8,116055370,,,11402445
2019,5,116055043,1.1,1,11397383
2019,16,116050709,5,9,11397449
2019,5,116050820,1,9,11402449
2019,8,116055516,1,5,11402465
2019,12,116055014,34.47,1,11402374
2019,5,116050472,2200.5,5,11402379
2019,8,116050754,1,9,11397457
2019,5,116055430,1,1,11402451
2019,5,116055327,1,1,11402434
2019,5,116050768,0.5,9,11397467
2019,5,116055439,3,9,11402452
2019,5,116055517,2,9,11402466
2019,5,116054991,3,1,11397378
2019,5,116050894,1,9,11402459
2019,2,116055500,3,1,11397495
2019,8,116055500,2,9,11397496
2019,8,116184728,1,9,11442531
2019,4,116184731,3,1,11442532
2019,12,116184731,13.8,1,11442533
2019,5,116194780,4.3,1,11447507
2019,5,116184837,2.62,1,11442540
2019,5,116184842,2,9,11442541
2019,5,116184868,1,9,11442544
2019,12,116184872,0.8,1,11442545
2019,17,116184877,3,9,11442546
2019,12,116184906,2,1,11442551
2019,5,116184906,1,1,11442550
2019,2,116184910,0.26,1,11442553
2019,5,116184927,0.19,1,11442554
2019,8,117421950,32,9,11760068
2019,5,117418993,1,9,11760078
2019,12,117418918,0.5,1,11760060
2019,5,117418918,6.98,1,11760059
2019,8,117418966,1,9,11769076
2019,8,117418972,13,9,11760074
2019,5,117418972,3,1,11760073
2019,9,117418972,1,9,11760075
2019,12,117419011,3,9,11760082
2019,1,117419011,4.17,1,11760080
2019,5,117419011,3.84,1,11760081
2019,5,117419022,2,9,11760086
2019,8,117414242,1,9,11769103
2019,5,117414257,1,9,11769106
2019,17,117419052,1,9,11760093
2019,8,117419080,8.5,9,11760100
2019,18,117419080,,,11760101
2019,4,117419080,1,9,11760099
2019,5,117419092,1,9,11760102
2019,8,117422196,1,5,11769128
2019,4,117422204,1,9,11769129
2019,12,117422204,1,9,11769130
2019,17,117422204,1,9,11769131
2019,5,117419135,1,9,11760107
2019,8,117419135,29,9,11760108
2019,11,117419135,2,9,11760109
2019,5,117419144,2.45,1,11760110
2019,8,117419155,11,9,11760111
2019,5,117419159,2,9,11760112
2019,8,117419159,1,9,11769138
2019,16,117422282,3,9,11769150
2019,5,117419230,0.24,1,11760117
2019,12,117419230,0.18,1,11760118
2019,5,117422297,1,11,11769154
2019,5,117419262,1,11,11760124
2019,16,117419262,2,9,11760125
2019,5,117422349,1,9,11769164
2019,5,117419286,1.81,1,11760127
2019,5,117419288,1,9,11760128
2019,5,117419289,1,9,11760129
2019,12,117419301,0.33,1,11760131
2019,12,117419302,0.43,1,11760132
2019,12,117419303,1,1,11769170
2019,16,117419303,3,9,11760133
2019,8,117422389,1,9,11769172
2019,5,117419314,1,9,11760134
2019,5,117422403,3.59,9,11769175
2019,12,117419322,0.81,1,11769178
2019,8,117419326,1,9,11760135
2019,12,117422474,15.45,1,11769187
2019,5,117419367,7.45,1,11769188
2019,17,117419372,0.8,1,11760140
2019,12,117419384,1,1,11760141
2019,16,117421695,2,9,11760026
2019,5,117418729,1,1,11760028
2019,17,117414019,10.28,1,11763960
2019,8,120318726,2,9,12800223
2019,16,120285887,1,9,12792760
2019,12,120285887,1,9,12800271
2019,5,120319022,0.5,1,12800287
2019,5,120285911,1,9,12792766
2019,5,120319077,12,1,12800303
2019,8,120319095,1,9,12800305
2019,5,120319095,2,9,12792767
2019,8,120285929,1,9,12792768
2019,12,120285935,2.1,1,12792771
2019,5,120285935,0.8,1,12792770
2019,8,120285947,3,9,12792775
2019,12,120285947,1,1,12792776
2019,17,120285947,1,9,12792777
2019,5,120285956,0.5,1,12800316
2019,3,120285959,1,9,12792779
2019,12,120285963,1.2,9,12792780
2019,12,120285965,2.5,1,12792781
2019,5,120319149,13.2,1,12800324
2019,5,120285977,1,7,12792783
2019,12,120319158,8,1,12800328
2019,17,120508986,1,11,12838272
2019,12,120508976,0.6,1,12838270
2019,12,115734019,0.1,1,11289667
2019,8,115743728,1,9,11289741
2019,5,115738372,1,9,11285780
2019,12,116148664,1,1,11435459
2019,5,116155756,1,9,11435449
2019,5,116153131,0.12,1,11426583
2019,15,116148822,1,9,11435477
2019,5,116155856,31.3,1,11426586
2019,5,116153150,10,9,11435481
2019,8,116153150,4,9,11426587
2019,5,116148841,63,9,11435482
2019,12,116153190,1.18,1,11426595
2019,12,116155879,0.38,1,11431140
2019,5,116155891,11.5,1,11426599
2019,12,116153213,0.44,1,11426600
2019,17,116155918,7,9,11431147
2019,5,116155924,1,9,11431148
2019,17,116155929,118.46,9,11431150
2019,5,116155936,14.5,1,11431151
2019,17,116155936,1,1,11431152
2019,12,116155953,1,3,11431153
2019,5,116155954,0.63,1,11431154
2019,5,116155962,1,9,11431155
2019,5,116155969,1,1,11431156
2019,12,116155969,1,1,11431157
2019,12,116155972,0.64,1,11431159
2019,5,116155977,1,9,11431160
2019,5,116153295,7.21,1,11426612
2019,5,116156017,1.68,9,11431164
2019,5,116156025,2,9,11431165
2019,5,116156029,1,9,11431167
2019,17,116156042,14,9,11431170
2019,12,116156046,1,9,11431171
2019,5,116156053,80.41,1,11431172
2019,4,116156085,0.8,1,11431174
2019,5,116149042,0.6,1,11435517
2019,5,116156087,1.58,1,11431175
2019,17,116156088,0.63,1,11431176
2019,17,116156089,0.1,5,11431177
2019,17,116156093,5,9,11431178
2019,17,116156099,1,1,11431179
2019,5,116156101,1,1,11431180
2019,5,116156103,1,1,11431182
2019,16,116153401,1,9,11426639
2019,12,116156107,8.9,1,11431183
2019,5,116153410,1,9,11431184
2019,5,116156119,0.19,1,11431185
2019,5,116156130,3.39,1,11431186
2019,12,121579727,0.8,1,13108271
2019,5,121579727,1.1,1,13108270
2019,12,121579763,0.6,1,13108277
2019,5,121564194,3.4,1,13119136
2019,12,121564194,0.7,1,13108269
2019,12,121564200,0.3,1,13108272
2019,5,121578121,1,9,13113997
2019,12,121564280,0.5,1,13119151
2019,8,121564334,43.5,9,13119152
2019,5,121579902,1.3,1,13108294
2019,5,121564399,7,9,13108295
2019,12,121564399,9,1,13108296
2019,5,121584576,1.5,1,13114011
2019,5,121578288,1,9,13114021
2019,8,121584754,1,9,13108375
2019,8,121584645,3.5,9,13108338
2019,5,121584676,2.1,1,13108347
2019,12,121584739,0.25,1,13108369
2019,5,121584739,3.25,1,13108367
2019,12,121584810,0.2,1,13108389
2019,16,121584863,9.9,1,13108404
2019,17,121578323,3,9,13114030
2019,8,121584893,11,9,13108411
2019,5,121585020,2,9,13108436
2019,8,121585134,1,9,13108449
2019,8,121585141,1,1,13108451
2019,5,121585153,2,9,13108453
2019,8,121585153,5,9,13108454
2019,5,121585162,1,9,13108457
2019,4,121585175,1,1,13108463
2019,5,121584597,7,1,13114015
2019,4,122850336,12.27,1,13384446
2019,12,122850336,1.3,1,13384447
2019,4,122850474,4.45,1,13381113
2019,17,122854774,1,9,13384468
2019,5,122850502,2.3,1,13381123
2019,5,122850540,0.29,1,13381133
2019,12,122850540,0.37,1,13381134
2019,12,122850569,0.41,1,13381141
2019,12,122850669,1.83,1,13384505
2019,12,122850676,940,1,13381160
2019,4,122855142,1.28,1,13381167
2019,12,122855142,1.13,1,13381168
2019,4,122855218,1,11,13384534
2019,5,122855264,12.49,1,13384536
2019,16,122850797,1,9,13384545
2019,12,122851111,0.59,1,13381260
2019,4,122851111,1.56,1,13381259
2019,5,122851127,0.28,1,13381264
2019,8,122851127,1,5,13381265
2019,5,122855797,2,1,13381279
2019,12,122855797,0.2,1,13384639
2019,4,122849999,45.12,1,13381040
2019,12,122849999,1.25,1,13381041
2019,12,122850055,2.1,1,13381053
2019,4,122850055,1.35,1,13381052
2019,17,122829388,1,9,13384406
2019,12,122850124,0.6,1,13384411
2019,5,122850124,7.5,1,13384410
2019,12,122854656,1.31,1,13381101
2019,16,122854675,11,3,13384459
2019,5,122850598,0.6,1,13381148
2019,12,122850934,1,1,13381217
2019,5,122850966,1,1,13381223
2019,6,122851018,3,9,13381241
2019,16,122851018,2,9,13381242
2019,16,122851058,1,9,13381250
2019,5,122855607,473.6,1,13384601
2019,5,122855871,1,11,13384650
2019,12,122851342,2.75,1,13381305
2019,5,122851381,1,1,13381311
2019,13,122851381,16,9,13381312
2019,5,122851492,1,1,13381331
2019,16,122855973,1,9,13384668
2019,17,122856068,6,9,13384694
2019,5,122856084,1,9,13384695
2019,12,122851866,4,9,13381399
2019,8,122851941,3,9,13381413
2019,8,122851951,11,9,13381418
2019,5,122851958,2,9,13381421
2019,12,122851958,1,9,13381422
2019,4,122851958,2,9,13381420
2019,16,122851998,2,9,13381430
2019,8,122856396,2,1,13384748
2019,8,122856403,1,9,13384751
2019,5,122856403,1,9,13384750
2019,5,122852140,0.68,1,13381446
2019,4,122852140,0.62,1,13381445
2019,5,122852197,1,9,13381454
2019,5,122852252,19.1,1,13381459
2019,12,122852252,0.3,1,13381460
2019,5,122852261,1,9,13381462
2019,5,122856700,5,1,13384793
2019,8,122856710,1,9,13384794
2019,5,122852356,1,9,13381470
2019,16,122852378,1,9,13381471
2019,8,122852447,3,9,13381483
2019,5,122852447,10,9,13381482
2019,8,122852449,1,9,13381484
2019,5,122852473,1.97,1,13381491
2019,5,122852482,1,9,13384828
2019,5,122852493,1,9,13381495
2019,5,122852513,1,9,13381496
2019,5,122857059,174.19,1,13381497
2019,16,122857059,59.78,1,13384834
2019,2,122829437,1,9,13381071
2019,12,122850237,1,9,13384436
2019,16,122850237,1,9,13381080
2019,17,122855053,0.99,1,13381161
2019,5,122850692,1,9,13381162
2019,5,122855099,1,9,13384511
2019,5,122855157,1,9,13384515
2019,12,122855278,0.67,1,13384538
2019,8,122850787,1,1,13381175
2019,17,122855310,1,9,13384543
2019,12,122855661,1,11,13381267
2019,4,122855883,0.2,1,13384653
2019,8,122855932,9,9,13384662
2019,12,122856135,0.46,1,13384706
2019,12,122851881,0.63,1,13381402
2019,4,122851881,0.2,1,13381401
2019,12,122849873,1,9,13381021
2019,12,122849882,1.6,1,13381022
2019,5,122849909,2,9,13381023
2019,5,122849916,1,1,13381024
2019,16,122849916,1,1,13381025
2019,12,122829216,2,9,13384388
2019,15,122849971,1,1,13381029
2019,5,122849971,80,1,13381028
2019,2,122849971,0.2,1,13381027
2019,5,122854594,6.9,1,13381090
2019,5,122850492,9.74,1,13381117
2019,12,122850492,2.29,1,13381119
2019,5,122854791,0.39,1,13381127
2019,8,122854878,2,9,13384487
2019,8,122854876,0.27,1,13384486
2019,5,122854881,5.9,1,13384489
2019,16,122854881,5,9,13384490
2019,12,122855386,0.51,1,13381194
2019,16,122855502,115.48,1,13384581
2019,12,122855502,14.3,1,13384580
2019,12,122855590,4.6,1,13381249
2019,12,122851143,1.1,1,13381271
2019,12,122855707,0.9,1,13384614
2019,12,122851454,0.36,1,13381327
2019,12,122851589,0.73,1,13381350
2019,5,122856012,1,1,13384678
2019,4,122856052,1,9,13384687
2019,12,122850002,1.42,1,13381042
2019,4,122850047,3.38,1,13381049
2019,12,122850345,2.45,1,13384449
2019,5,122855216,1,9,13384533
2019,12,122855289,4.44,1,13384540
2019,4,122850799,0.6,1,13384546
2019,5,122850987,2,1,13381227
2019,5,122851112,1,9,13381261
2019,12,122851290,5,9,13381298
2019,5,122851333,2,9,13384652
2019,12,122856052,1,9,13384688
2019,8,122851725,1,9,13381376
2019,5,122851754,2.16,1,13381382
2019,2,122856167,1,9,13384713
2019,5,122851905,1,9,13381409
2019,8,122851929,2,9,13381411
2019,12,122851938,50.28,1,13381412
2019,8,122851982,2,1,13381427
2019,8,122852060,1,9,13381437
2019,8,122852129,1,1,13381444
2019,5,122852184,1,7,13381451
2019,12,122852192,1,9,13381452
2019,16,122852192,1,9,13381453
2019,16,122856489,0.5,1,13384763
2019,12,122852217,1.78,1,13381456
2019,12,122856516,1,1,13384767
2019,5,122856516,1,9,13384766
2019,2,122852265,1,1,13381463
2019,16,122852269,4,9,13384777
2019,5,122852273,3,9,13381464
2019,5,122856608,14.3,1,13384781
2019,17,122852469,1,9,13381487
2019,5,122852573,1,9,13381504
2019,5,122857159,1,9,13384850
2019,8,122852576,1,9,13381506
2019,5,122852576,1,9,13381505
2019,8,122850047,35,9,13381050
2019,12,122850073,1,1,13381055
2019,12,122850090,0.49,1,13381057
2019,2,122829402,1,11,13384409
2019,12,122850230,1,9,13381078
2019,5,122850609,1,9,13384495
2019,17,122855124,1,9,13384513
2019,17,122850735,6,9,13381170
2019,16,122850735,1,9,13381169
2019,18,122850735,,,13381171
2019,5,122855472,2,1,13384574
2019,12,122855482,1.24,1,13384577
2019,5,122855482,0.14,1,13384576
2019,5,122850988,1,9,13384585
2019,5,122851000,1,9,13384588
2019,8,122855529,1,9,13384587
2019,12,122855542,0.1,1,13381238
2019,12,122855822,1.79,1,13381284
2019,2,122851216,1,9,13381286
2019,15,122851216,2,9,13381287
2019,8,122851302,1,7,13381302
2019,8,122851373,8,9,13381310
2019,4,122851484,0.42,1,13384665
2019,5,122855980,1,11,13384671
2019,5,122855985,31.67,1,13384672
2019,5,122851625,1,1,13381356
2019,5,122851666,2.79,1,13381360
2019,8,122851713,56,1,13381374
2019,12,122851849,0.51,1,13384714
2019,5,122850008,12,1,13381044
2019,16,122829355,4,9,13381054
2019,12,122850119,3,1,13381060
2019,2,122850119,1,1,13381059
2019,5,122850142,3,1,13381067
2019,4,122829492,6.87,1,13384427
2019,16,122854857,5,9,13384484
2019,12,122854857,1.13,1,13381136
2019,12,122854877,2.77,1,13381140
2019,12,122855129,1.7,1,13381166
2019,17,122855591,2,9,13384596
2019,12,122855591,2,9,13384595
2019,12,122851200,21.26,1,13381283
2019,5,122851200,4.6,1,13381282
2019,12,122851278,4.8,1,13381295
2019,12,122851370,2.32,1,13381309
2019,4,122855911,1,11,13381314
2019,12,122851427,0.1,3,13381317
2019,12,122855958,2.12,1,13384667
2019,5,122851495,1,9,13381332
2019,16,122851495,19,9,13381333
2019,4,122855974,1,11,13384669
2019,5,122851555,1,9,13381343
2019,8,122851555,2,9,13381345
2019,8,122851577,9,9,13384673
2019,4,122851621,16,1,13381354
2019,17,122851621,12.98,1,13381355
2019,8,122851642,50,9,13381357
2019,5,122850297,2.5,1,13381089
2019,16,122854650,1,1,13384457
2019,12,122854650,1,11,13384456
2019,5,122850472,42.5,4,13381111
2019,12,122854767,0.56,1,13381114
2019,12,122850823,2.27,1,13381180
2019,12,122850846,0.24,1,13381186
2019,8,122850953,1,9,13381221
2019,12,122855498,1.5,9,13384578
2019,5,122855576,1,9,13384593
2019,12,122855599,0.49,1,13384597
2019,2,122851070,1,9,13384602
2019,8,122851070,2,9,13381253
2019,5,122851124,1,11,13381266
2019,8,122851155,2,9,13384613
2019,4,122855698,21,5,13384610
2019,8,122855698,28,9,13384611
2019,18,122855698,,,13384612
2019,4,122855841,0.39,1,13381290
2019,8,122855841,1,9,13381291
2019,8,122851297,2,9,13381300
2019,12,122851308,0.56,1,13381303
2019,4,122851318,0.5,1,13384651
2019,5,122851356,2,9,13384654
2019,5,122851366,1,9,13381306
2019,4,122855913,1,11,13381315
2019,12,122851436,0.12,1,13381322
2019,4,122851436,8.2,1,13381321
2019,16,122851436,5,9,13381323
2019,5,122851451,4,1,13381326
2019,5,122851466,1,3,13384664
2019,16,122855955,0.37,1,13381330
2019,4,122856041,1.9,1,13384684
2019,4,122851669,1,9,13381361
2019,17,122851669,3,9,13381363
2019,12,122851669,1,9,13381362
2019,8,122856072,100,9,13381372
2019,8,122851733,1,1,13381378
2019,17,122856115,2,9,13384701
2019,8,122851771,1,9,13381385
2019,5,122851791,1,1,13381390
2019,16,122851821,3,9,13381397
2019,5,122851821,2,9,13381396
2019,11,122856161,1,1,13381398
2019,8,122856242,1,9,13384722
2019,8,122851927,1,9,13381410
2019,8,122851947,1,9,13381416
2019,5,122851947,1,9,13381415
2019,17,122851947,1,9,13381417
2019,12,122851964,2,9,13381423
2019,5,122851970,1,9,13381424
2019,8,122856292,1,9,13384729
2019,12,122852061,0.47,1,13381438
2019,5,122856358,1,1,13384740
2019,12,122856366,1,1,13384742
2019,12,122849981,1,11,13381031
2019,5,122849997,1.85,1,13381038
2019,12,122849997,31.69,1,13381039
2019,12,122829431,14.87,1,13384415
2019,12,122829443,16.58,1,13384419
2019,2,122850911,3,9,13381212
2019,12,122855663,32.7,1,13381270
2019,4,122855663,6.58,1,13381268
2019,5,122855671,2.5,1,13384608
2019,4,122855848,1.4,1,13384644
2019,12,122855853,2,9,13384646
2019,8,122855853,1,9,13384645
2019,5,122851291,12,9,13381299
2019,5,122851368,57,1,13381307
2019,17,122851368,2,9,13384655
2019,8,122851368,3,1,13381308
2019,4,122856061,2,5,13381366
2019,12,122856061,1,1,13381367
2019,5,122851750,195.76,9,13384699
2019,8,122856122,1,9,13384703
2019,5,122829573,12.53,1,13381088
2019,3,122829573,11.48,1,13384441
2019,7,122854707,4,9,13384464
2019,16,122851001,2,9,13381235
2019,12,122855604,2.54,1,13384599
2019,12,122851088,6.3,1,13381258
2019,8,122851131,1,9,13381269
2019,12,122851188,1,1,13381280
2019,5,122855833,1,9,13381288
2019,12,122855842,6.6,1,13381292
2019,12,122855895,0.4,1,13384656
2019,8,122855983,1,9,13381340
2019,8,122856046,6,9,13384686
2019,5,122851710,1,11,13381373
2019,12,122856103,1.74,1,13384698
2019,5,122851805,1.24,9,13381395
2019,12,122849924,4.3,1,13381026
2019,5,122849984,5.2,1,13381032
2019,16,122849988,1,9,13381035
2019,5,122850021,2.9,1,13381045
2019,12,122850021,2.37,1,13381046
2019,16,122850093,0.9,1,13381058
2019,2,122850242,2.2,1,13381081
2019,5,122854619,1,9,13384450
2019,17,122850357,0.1,1,13384451
2019,12,122850438,1.12,1,13381110
2019,5,122850536,13.96,1,13381132
2019,12,122850541,1.34,1,13381135
2019,5,122855338,8.23,1,13381176
2019,8,122855338,5.48,1,13381177
2019,8,122850840,7.5,9,13381182
2019,5,122850921,1.49,1,13381213
2019,12,122850921,1.72,1,13381214
2019,4,122851023,13.46,1,13381244
2019,5,122851068,1,9,13381252
2019,12,122855655,2,1,13384604
2019,17,122855655,1,1,13381262
2019,8,122851603,,,13384680
2019,7,122851701,1,11,13384693
2019,5,122856164,1,9,13384711
2019,12,122856166,0.5,1,13384712
2019,12,122854644,0.5,9,13384453
2019,5,122850126,1,9,13381062
2019,12,122850381,0.99,1,13384458
2019,12,122850397,41.43,1,13381102
2019,17,122850428,1,11,13381105
2019,12,122850497,1.15,1,13381122
2019,12,122854800,4.79,1,13384475
2019,5,122854800,8.47,1,13384473
2019,8,122850559,13,9,13381138
2019,12,122850559,36.6,1,13381139
2019,12,122854894,0.84,1,13384491
2019,12,122850600,3,9,13381151
2019,5,122855056,1,9,13384507
2019,4,121578122,1.4,1,13113998
2019,12,121564338,0.5,1,13108284
2019,5,121578194,0.95,1,13114006
2019,5,121564363,1.2,1,13108289
2019,17,121564384,1,9,13108292
2019,5,121564392,1.1,1,13108293
2019,5,121579910,0.6,1,13108297
2019,12,121564471,1.9,1,13108302
2019,5,121564539,1,9,13108310
2019,8,121584602,12,9,13108325
2019,8,121578277,75,9,13108336
2019,12,121584646,1.12,1,13108337
2019,12,121584682,0.2,1,13119176
2019,12,121578300,1,1,13114025
2019,8,121584769,4,9,13108380
2019,5,121584769,2,9,13108379
2019,16,121584802,1,9,13108387
2019,12,122849972,1,11,13381030
2019,8,122829277,58,9,13384394
2019,5,122829277,1,9,13384393
2019,12,122850038,0.7,1,13381048
2019,16,122850243,100,9,13381083
2019,12,122850243,12,9,13381082
2019,12,122854634,1,9,13381097
2019,12,122854735,0.53,1,13384466
2019,17,122850643,1,9,13381158
2019,12,122850822,0.78,1,13381178
2019,4,122855413,0.15,1,13384562
2019,5,122855570,4.19,1,13381247
2019,5,122855662,1,1,13384606
2019,8,122855662,7,9,13384607
2019,4,122855689,0.36,1,13381272
2019,12,122851197,1,1,13381281
2019,12,122855844,12,9,13384643
2019,5,122851386,3,9,13381313
2019,8,122851420,1,7,13384660
2019,16,122851498,1,9,13381334
2019,12,122855969,8.53,1,13381338
2019,5,122855984,2.33,1,13381341
2019,5,122851570,1,9,13381347
2019,12,122851580,2.96,1,13384676
2019,16,122851592,1,9,13381351
2019,5,122851592,1,9,13384677
2019,8,122856040,14,9,13384683
2019,12,122856040,39.86,1,13381358
2019,5,122851662,0.9,1,13384685
2019,8,122856056,6,9,13381365
2019,4,122856056,1.25,1,13381364
2019,12,122856056,1.95,1,13384690
2019,12,122851691,8.77,1,13381368
2019,12,122851727,0.72,1,13381377
2019,5,122851759,1,1,13384702
2019,5,122851783,4.7,1,13381388
2019,5,122851787,0.4,1,13381389
2019,8,122851818,4,9,13384709
2019,12,122856191,1,9,13384716
2019,8,122856191,1,9,13381404
2019,17,122851901,55.8,1,13381407
2019,16,122851944,4,9,13381414
2019,17,122851980,1,9,13381426
2019,5,122851980,1,9,13381425
2019,5,122851986,1,9,13381428
2019,5,122856285,1,9,13384727
2019,5,122851993,1,7,13381429
2019,12,122852017,0.89,1,13381432
2019,5,122852017,2.89,9,13381431
2019,12,122852059,0.4,1,13381436
2019,8,122852072,18,9,13381439
2019,8,122852102,1,9,13381442
2019,5,122856402,4,9,13384749
2019,5,122856410,1,9,13384753
2019,5,122856414,1,9,13384754
2019,17,122852160,2.37,9,13381449
2019,5,122852162,1,1,13384759
2019,5,122852172,5.46,1,13381450
2019,5,122852209,1,9,13381455
2019,5,122852260,3,1,13381461
2019,5,122852283,0.97,1,13381466
2019,5,117414129,0.56,1,11764001
2019,8,117414150,1,9,11764005
2019,5,117414150,1,9,11760064
2019,12,117414202,1.2,1,11769080
2019,5,117414202,0.5,1,11760076
2019,15,117422049,84,1,11769091
2019,5,117414223,0.85,1,11769092
2019,5,117422068,1,7,11769100
2019,12,117422086,1.2,7,11769104
2019,5,117419057,1,9,11760094
2019,5,117422125,1.33,1,11769110
2019,4,117419059,1,9,11760095
2019,5,117422139,1,9,11769112
2019,8,117422139,2,9,11769113
2019,5,117422149,0.7,1,11764043
2019,12,117422160,2,9,11769118
2019,8,117422160,2,9,11769117
2019,5,117419095,1,1,11769120
2019,8,117422191,5,9,11769126
2019,5,117422200,1,9,11760106
2019,5,117422219,1,1,11769134
2019,8,117419173,1,9,11760114
2019,5,117422248,4,9,11769140
2019,16,117422250,1,9,11760116
2019,5,117419191,1,1,11769142
2019,11,117419195,1,9,11769145
2019,8,117419195,5,9,11769144
2019,12,117419220,2.58,1,11769148
2019,5,117419250,4.29,1,11760122
2019,8,117422299,3,9,11769155
2019,8,117422302,1,1,11769156
2019,8,117422316,13,9,11769158
2019,16,117419278,1,9,11760126
2019,5,117422316,1,9,11769157
2019,5,117422351,99.82,1,11769165
2019,8,117419296,1,9,11760130
2019,17,117422371,2,9,11769169
2019,5,117422385,2.76,1,11769171
2019,5,117422399,20.42,1,11769173
2019,5,117422407,16.2,1,11769176
2019,12,117422407,0.1,1,11769177
2019,17,117422429,1,3,11769182
2019,5,117422457,1.38,1,11769185
2019,16,117419354,6,9,11760139
2019,5,117419354,1,9,11760137
2019,8,117419354,5,9,11760138
2019,4,117422551,1,9,11769193
2019,12,117422551,1,9,11769195
2019,8,117422551,1,9,11769194
2019,16,117422555,1,9,11769196
2019,5,115743707,1,9,11296765
2019,5,115743726,2,9,11289740
2019,5,115738351,1,9,11289749
2019,5,117421625,1,11,11769028
2019,5,117418641,1,9,11769032
2019,5,117418641,1,1,11763947
2019,5,117421685,1.28,1,11763952
2019,12,117421698,3.45,1,11769034
2019,5,117418906,1,9,11763996
2019,12,117418906,1,9,11760056
2019,8,117418906,1,9,11769057
2019,5,117422019,2.36,1,11769081
2019,5,117414215,140,1,11764023
2019,5,117422037,1,9,11769086
2019,8,117422047,22,9,11769090
2019,5,117422053,1,9,11769093
2019,4,117422054,4,9,11760083
2019,16,117422054,15,9,11760085
2019,8,117422054,2,9,11760084
2019,8,117422058,1,9,11769096
2019,12,117422060,2.22,1,11769097
2019,12,117422062,1,1,11769099
2019,4,117422062,1,1,11769098
2019,5,117422103,1.59,1,11769107
2019,4,117422104,4,1,11769108
2019,16,117422128,1,9,11769111
2019,5,117422141,1,9,11769114
2019,15,117422168,1,9,11769122
2019,8,117422168,1,9,11769121
2019,4,117422190,0.57,1,11769124
2019,12,117422190,64.3,1,11769125
2019,5,117422193,28,1,11769127
2019,5,117419126,2,1,11760105
2019,16,117422226,1,9,11769136
2019,4,117422251,0.48,1,11769141
2019,8,117422253,2,9,11769143
2019,5,117422254,15.63,1,11769146
2019,5,117422258,4,9,11769147
2019,5,117422272,1,9,11769149
2019,8,117422288,6,9,11769151
2019,15,117422288,3,9,11769152
2019,5,117419248,1.5,1,11760121
2019,12,117422324,36.3,1,11769159
2019,12,117422338,1.39,1,11769160
2019,11,117422340,1,1,11769161
2019,8,117422348,2,9,11769162
2019,12,117422348,1,9,11769163
2019,5,117422355,1,1,11769166
2019,5,117422400,1,9,11769174
2019,5,117422431,1,9,11769183
2019,16,117422442,2,9,11769184
2019,5,117422443,0.66,1,11760136
2019,16,117422458,1,9,11769186
2019,5,117422518,3.76,1,11769189
2019,4,117422530,2,9,11769190
2019,16,117422530,9,9,11769191
2019,4,117422568,2,9,11769198
2019,5,117422584,1,9,11769199
2019,2,117422585,1,9,11769200
2019,5,117422590,1,7,11769202
2019,8,117422591,11,9,11769203
2019,8,117422597,10,9,11769204
2019,5,117422614,1,9,11769205
2019,8,117422635,1,9,11769207
2019,5,117422650,1,1,11769211
2019,5,117422656,1,1,11769212
2019,5,117422661,1,7,11769213
2019,5,117422667,1,9,11769215
2019,9,117422695,,,11769216
2019,5,117422703,4,1,11769217
2019,12,117422704,1,9,11769219
2019,4,117422704,1,9,11769218
2019,12,117422707,2,9,11769222
2019,8,117422707,1,9,11769221
2019,5,117422707,1,9,11769220
2019,12,117422709,1,9,11769224
2019,4,117422709,1,9,11769223
2019,17,117422720,1,9,11769227
2019,8,117422720,1,9,11769226
2019,8,117422729,4,9,11769229
2019,5,117422729,2,9,11769228
2019,5,117422735,1,9,11769230
2019,8,117422735,3,9,11769231
2019,5,117422737,4,9,11769232
2019,8,117422760,1,9,11769240
2019,5,117422760,1,9,11769239
2019,8,117422770,5,9,11769241
2019,12,117422780,1,9,11769243
2019,2,117422791,1,9,11769246
2019,16,117422791,3,9,11769247
2019,16,117422792,2,9,11769248
2019,12,117422794,1,9,11769249
2019,8,117422806,2,9,11769253
2019,5,117422806,1,9,11769252
2019,5,117422811,1,9,11769254
2019,16,117422812,1,9,11769257
2019,5,117422812,3,1,11769255
2019,8,117422812,1,7,11769256
2019,4,117422828,4,1,11769260
2019,4,117422841,3,9,11769261
2019,4,117422858,1,9,11769266
2019,5,117422879,1,9,11769268
2019,8,117422886,2,9,11769272
2019,4,117422888,1,9,11769273
2019,8,117422891,95,9,11769274
2019,12,117422896,1,9,11769276
2019,8,117422897,1,9,11769278
2019,5,117422897,1,9,11769277
2019,5,117422912,1,1,11769279
2019,5,117422913,2,9,11769280
2019,2,117422915,1,9,11769281
2019,12,117422916,1,9,11769282
2019,5,117422918,1,9,11769283
2019,2,117422932,1,9,11769284
2019,5,117421627,3,1,11769029
2019,12,117418737,0.58,1,11760032
2019,5,117413898,1,11,11763944
2019,5,117413898,3,9,11763943
2019,5,117413911,1,9,11763948
2019,5,117413912,1,9,11763949
2019,5,115733975,1.5,1,11289665
2019,12,115738040,1,1,11289671
2019,8,115738293,1,9,11296766
2019,5,115743787,1,9,11296772
2019,17,115743795,1,9,11285779
2019,5,115743795,3,9,11285778
2019,8,115744382,1,9,11289763
2019,5,117802371,2,9,11845989
2019,8,117802422,1,7,11845994
2019,4,122854633,1.57,1,13381095
2019,12,122854633,2.57,1,13381096
2019,5,122850592,5,1,13381144
2019,4,122851075,0.35,1,13381254
2019,5,122829176,2.8,1,13384383
2019,5,122829238,11.7,1,13384389
2019,12,122850429,27.7,1,13381107
2019,4,122850429,0.41,1,13381106
2019,5,122854813,0.8,1,13384481
2019,12,122854961,5.9,1,13381154
2019,12,122855050,3.49,1,13384506
2019,4,122855187,0.52,1,13381172
2019,12,122855187,0.8,1,13384524
2019,4,122850778,0.23,1,13384537
2019,5,122829192,134.5,1,13384384
2019,5,122829211,300,9,13384385
2019,5,122850202,0.1,1,13384426
2019,5,122850473,50.72,1,13381112
2019,4,122854788,0.84,1,13381125
2019,5,122854788,0.72,1,13381126
2019,5,122854804,59.96,1,13384479
2019,5,122854814,0.5,1,13384482
2019,5,122854900,1,9,13381149
2019,12,122854900,1,9,13381150
2019,12,122850690,5.88,1,13384508
2019,4,122855353,30,5,13384551
2019,16,122855367,1,9,13384554
2019,8,122855406,4,9,13384560
2019,5,122855406,1,9,13384559
2019,5,122829214,1.9,1,13384386
2019,12,122829214,1.6,1,13384387
2019,12,122829292,0.83,1,13384398
2019,4,122829292,0.27,1,13384397
2019,12,122829302,0.57,1,13384400
2019,4,122849992,4.2,1,13381036
2019,8,122829468,3,1,13384423
2019,12,122850220,2.25,1,13381075
2019,7,122850220,1.14,1,13384430
2019,12,122850583,1.6,1,13381143
2019,8,122850891,,,13384563
2019,5,122855562,2,1,13384590
2019,12,122851098,1,1,13384603
2019,12,122855688,1,1,13384609
2019,5,122855768,9,9,13384630
2019,8,122855768,4,9,13384631
2019,4,122855863,6.25,1,13384649
2019,17,122851574,1,9,13381349
2019,12,122856018,0.9,1,13384681
2019,5,122856019,10,1,13384682
2019,5,122851781,35,9,13381387
2019,12,122851798,8,9,13381393
2019,16,122851798,2,9,13381394
2019,5,122851798,5,9,13381392
2019,12,122856177,1,1,13384715
2019,16,122856177,1,9,13381400
2019,5,122856187,1,9,13381403
2019,8,122851953,4,9,13381419
2019,5,122852020,3,9,13381433
2019,4,122856321,3,9,13381434
2019,12,122856321,1,9,13384733
2019,8,122856321,2,9,13384732
2019,4,122852033,1,9,13381435
2019,16,122852093,2.15,1,13381441
2019,12,122856384,4.48,1,13384745
2019,5,122856384,4.2,1,13384744
2019,5,122852123,2,9,13381443
2019,12,122856466,1.55,1,13384760
2019,16,122856510,30,9,13384764
2019,4,122856537,0.67,1,13384769
2019,2,122856578,0.93,1,13384775
2019,5,122856578,2.4,1,13384776
2019,4,122856735,8.68,9,13384798
2019,12,122856819,1.2,1,13384805
2019,5,122856833,1.2,1,13384809
2019,8,122856879,3,9,13384811
2019,5,122856921,1,9,13384818
2019,5,122856940,1.44,1,13384820
2019,8,122852465,1,9,13381486
2019,8,122856965,1,9,13384823
2019,8,122856974,2,9,13384824
2019,12,122856984,0.43,1,13384826
2019,5,122856984,2.17,1,13384825
2019,5,122857113,1,1,13384839
2019,12,122829405,0.3,1,13384412
2019,5,122850410,1,1,13381103
2019,5,122829449,4.1,1,13384420
2019,12,122854853,0.9,1,13384483
2019,4,122854986,0.95,1,13381157
2019,12,122854986,0.1,1,13384502
2019,16,122854986,26,9,13384503
2019,5,122850964,3,9,13381222
2019,8,122851017,3,9,13381240
2019,5,122851017,3,9,13381239
2019,12,122851037,2,9,13384594
2019,1,122850004,,,13381043
2019,5,122829385,8,1,13384405
2019,5,122829401,3,1,13384408
2019,7,122850140,2,9,13381065
2019,5,122850140,0.5,1,13381064
2019,16,122829425,1,1,13381069
2019,5,122829488,7.1,1,13384425
2019,5,122850221,33.3,1,13384431
2019,5,122850271,1.3,1,13381087
2019,5,122850488,15.43,1,13384467
2019,2,122850488,0.46,1,13381116
2019,5,122850595,1,9,13381145
2019,12,122855315,4.5,1,13384544
2019,16,122855415,1,9,13381202
2019,16,122850878,,,13381201
2019,5,122850905,1,11,13381208
2019,5,122855600,1,9,13384598
2019,8,122855775,1,9,13384634
2019,12,122851272,1.1,1,13381293
2019,5,122851444,1,9,13381324
2019,1,122851444,1,9,13384661
2019,17,122851444,5,9,13381325
2019,12,122855939,1,1,13384663
2019,12,122855976,1,9,13381339
2019,11,122855976,1,9,13384670
2019,6,122856062,1,9,13384691
2019,12,122856110,1.28,1,13381383
2019,5,122851767,2.81,8,13381384
2019,5,122856133,7,9,13384705
2019,5,122851887,1,1,13381405
2019,5,122856213,1,9,13384719
2019,12,122854734,5.11,1,13384465
2019,12,122850487,0.5,1,13381115
2019,4,122854809,1,11,13381129
2019,12,122829486,0.1,1,13384424
2019,12,122854809,1,11,13384480
2019,12,122854819,1,9,13381130
2019,4,122850549,0.7,1,13381137
2019,12,122850589,0.82,1,13384493
2019,5,122850589,11.32,1,13384492
2019,16,122855090,1,9,13384510
2019,8,122855090,2,9,13381163
2019,5,122855168,21.56,1,13384519
2019,17,122855183,1,9,13384523
2019,5,122855208,1,11,13384531
2019,12,122855504,0.54,1,13381226
2019,5,122855717,1,9,13384615
2019,17,122855727,2.49,1,13384620
2019,12,122855793,0.46,1,13384637
2019,4,122855793,1.48,1,13384636
2019,8,122851513,1,9,13381335
2019,5,122851752,1,11,13381381
2019,5,122856153,1,9,13384708
2019,4,122829466,13.36,1,13381073
2019,12,122829466,28.42,1,13384422
2019,12,122850283,4,1,13384440
2019,12,122854966,13,1,13381155
2019,4,122854966,1.65,1,13384500
2019,5,122850725,10,1,13384514
2019,5,122850881,5.73,1,13381203
2019,12,122850141,1,11,13381066
2019,5,122829332,29,1,13384402
2019,12,122850120,1,1,13381061
2019,5,122829296,0.7,1,13384399
2019,12,122850150,4.73,1,13381068
2019,5,122850850,1,1,13381188
2019,5,122850901,1,9,13384564
2019,12,122850960,0.42,1,13384579
2019,5,122855522,1,1,13384586
2019,5,122855605,56,1,13384600
2019,5,122855735,1,3,13384622
2019,17,122855758,1,9,13384628
2019,12,122855770,0.78,1,13384633
2019,4,122855770,0.75,1,13384632
2019,8,122851163,5,9,13381278
2019,4,122851163,0.5,1,13381277
2019,12,122855825,1,9,13384642
2019,12,122851274,42.1,1,13381294
2019,12,122855914,0.3,1,13381316
2019,12,122855938,0.1,1,13381328
2019,5,122851475,2,9,13381329
2019,5,122829422,0.2,1,13384414
2019,4,122850151,1.22,1,13384417
2019,12,122850182,1,11,13381072
2019,12,122850212,2,7,13381074
2019,12,122855450,1,9,13384567
2019,17,122855450,9,9,13384568
2019,8,122855467,1,9,13384572
2019,5,122855583,0.5,1,13381248
2019,12,122851159,1,1,13381275
2019,4,122851159,1,1,13381274
2019,17,122855726,139,9,13384619
2019,4,122855726,1,9,13384617
2019,12,122855726,1,9,13384618
2019,12,122851572,9,1,13381348
2019,8,122851579,1,9,13384675
2019,5,122851614,1,9,13381353
2019,5,122856254,1,9,13384723
2019,5,122856258,9.34,1,13384724
2019,17,122856259,1,9,13384725
2019,5,122856266,5.47,1,13384726
2019,5,122856318,2,1,13384731
2019,8,122856337,1,9,13384735
2019,5,122856338,5.63,1,13384736
2019,8,122856387,2,9,13384746
2019,12,122856416,2,1,13384755
2019,16,122856428,2,9,13384757
2019,12,122852242,0.3,1,13381458
2019,12,122829433,4.86,1,13384416
2019,8,122850416,4,9,13384461
2019,12,122850809,1.8,1,13384550
2019,4,122850844,2.21,1,13381184
2019,8,122850844,3,9,13381185
2019,12,122855392,1.9,1,13384555
2019,5,122855453,2,9,13384569
2019,8,122855453,12,9,13384570
2019,12,122850926,1,1,13384573
2019,13,122851158,3,9,13381273
2019,8,122855748,29,1,13384625
2019,4,122855794,0.1,1,13384638
2019,16,122851187,1,9,13384641
2019,5,122851187,2,9,13384640
2019,5,122851299,1,1,13381301
2019,12,122851429,14.7,1,13381318
2019,17,122851429,1.84,1,13381319
2019,5,122851483,9.78,1,13384666
2019,5,122856055,5,1,13384689
2019,17,122856074,1,9,13381375
2019,16,122851731,1,9,13384696
2019,5,122851811,1,9,13384707
2019,5,122856162,1,9,13384710
2019,5,122856205,1.8,1,13381408
2019,16,122856209,4,9,13384718
2019,8,122856209,4,9,13384717
2019,12,122856234,5,9,13384720
2019,12,122856287,1,9,13384728
2019,8,122856325,6,9,13384734
2019,8,122856352,1,9,13384737
2019,4,122856361,1,9,13384741
2019,2,122852120,1.44,1,13384756
2019,8,122856442,100,9,13384758
2019,5,122852158,1,9,13381447
2019,8,122852158,2,9,13381448
2019,5,122856480,2,9,13384762
2019,16,122856513,2,9,13384765
2019,5,122856532,2,1,13384768
2019,5,122856555,1,1,13384771
2019,16,122856566,3,9,13384772
2019,5,122856575,1,1,13384773
2019,5,122856733,0.1,1,13384797
2019,16,122856742,1,9,13384799
2019,5,122856818,1.48,1,13384804
2019,5,122856874,1,9,13384810
2019,5,122852429,4.57,1,13384812
2019,2,122856880,2.8,1,13384813
2019,5,122856880,4.19,1,13384814
2019,5,122856884,1,1,13384815
2019,12,122856893,1,9,13381478
2019,17,122856893,8,9,13381479
2019,17,122852460,0.41,1,13381485
2019,5,122856995,1,9,13384827
2019,5,122857011,2.54,1,13384830
2019,17,122857073,3,9,13384837
2019,2,122857092,2.13,1,13384838
2019,16,122852546,1,9,13381501
2019,17,122857115,5,9,13384843
2019,5,122857115,8.98,1,13384842
2019,12,122857119,3.12,1,13384845
2019,5,122852551,3.94,9,13381502
2019,5,122857129,2,1,13384847
2019,5,122857191,3,1,13384853
2019,5,122857194,1,9,13384854
2019,5,122857205,1,1,13384855
2019,5,122857206,3,1,13384856
2019,8,122857206,1,1,13384857
2019,5,122857208,1,9,13384858
2019,15,122857217,6.5,9,13384859
2019,5,122857232,1,1,13384860
2019,5,122857233,1,1,13384861
2019,5,122857236,1,9,13384862
2019,8,122857238,2,9,13384863
2019,8,122857247,1,9,13384864
2019,5,122857255,2,9,13384865
2019,4,122857260,2,9,13384866
2019,5,122857263,1,9,13384868
2019,18,122857263,,,13384869
2019,4,122857263,1,9,13384867
2019,5,122857267,2,9,13384870
2019,12,122857272,1,1,13384871
2019,8,122857281,1,9,13384872
2019,8,122857283,1,9,13384873
2019,12,122855365,0.8,1,13384552
2019,5,122850079,2,1,13381056
2019,16,122855553,20,9,13381246
2019,12,122855553,1.2,1,13381245
2019,17,122855568,1,9,13384592
2019,8,122855568,1,9,13384591
2019,12,122851517,0.3,1,13381337
2019,4,122851593,1,1,13381352
2019,5,122856063,0.68,1,13384692
2019,16,122856071,32,9,13381371
2019,5,122856071,7.66,1,13381369
2019,12,122856071,143.78,1,13381370
2019,8,122857284,2,9,13384875
2019,12,122857284,1,9,13384876
2019,5,122857284,1,9,13384874
2019,5,122857285,3,9,13384877
2019,5,122857287,1,9,13384878
2019,8,122857292,2,9,13384879
2019,5,122857294,1,9,13384880
2019,8,122857296,65,9,13384881
2019,16,122857296,21,9,13384882
2019,17,122857296,3,9,13384883
2019,5,122857297,2,9,13384884
2019,4,122857299,1,9,13384885
2019,5,122857300,1,9,13384886
2019,4,122857302,1,9,13384887
2019,8,122857307,1,9,13384888
2019,8,122857308,1,9,13384889
2019,5,122857309,1,9,13384890
2019,5,122857310,1,9,13384891
2019,17,122857323,1,9,13384892
2019,5,122857330,1,9,13384893
2019,5,122857331,2,9,13384894
2019,5,122857334,1,1,13384895
2019,4,122857340,1,9,13384896
2019,4,120319158,5,1,12800327
2019,16,120319158,3,9,12800329
2019,8,120285984,2,9,12792784
2019,8,120285986,1,9,12792785
2019,17,117796572,1,9,11845995
2019,5,117806846,1,9,11848101
2019,2,117806846,2,9,11848100
2019,18,117806846,,,11848102
2019,5,117806860,1,1,11848105
2019,16,117806868,2,9,11848106
2019,5,117802456,1.54,1,11846003
2019,17,117806886,0.32,1,11848108
2019,5,117802457,9,1,11846004
2019,4,117806903,25,5,11848113
2019,17,117806903,1,9,11848114
2019,18,117806948,,,11848119
2019,12,117806948,5.5,1,11848117
2019,16,117806948,27,9,11848118
2019,5,117806953,14,1,11848120
2019,5,117806977,9.3,1,11848123
2019,5,117806992,1.8,1,11846008
2019,5,117806994,2,1,11848125
2019,4,117807020,1,9,11846012
2019,12,117807026,1,9,11848129
2019,4,117807026,1,9,11848128
2019,12,117807039,13.2,1,11848130
2019,16,117807044,1,9,11848131
2019,5,117807064,9.5,1,11848132
2019,5,117802549,2,1,11846013
2019,12,117807075,1,9,11848137
2019,4,117807084,0.2,1,11848138
2019,5,117802552,1,9,11846014
2019,5,117807085,0.1,1,11848139
2019,12,117807085,50,1,11848140
2019,5,117807089,2,9,11848141
2019,5,117802556,1.48,1,11846015
2019,5,117802558,1,9,11846016
2019,5,117807101,11.43,1,11848142
2019,5,117807120,1,9,11848144
2019,16,117807120,1,9,11848145
2019,16,117807131,2,9,11848147
2019,4,117807133,1,9,11848148
2019,5,117807140,1,9,11848150
2019,5,117807155,1.39,1,11848151
2019,5,117807158,2,9,11848152
2019,17,117807176,31,9,11848153
2019,5,117807197,3,9,11848154
2019,17,117807202,52,9,11848155
2019,16,117802669,,,11848156
2019,2,117807223,1,9,11848157
2019,4,117807243,1,9,11848160
2019,8,117807262,1,9,11848161
2019,5,117807270,1,9,11848162
2019,2,117807279,0.84,1,11848163
2019,5,117807314,1,9,11848168
2019,8,117419046,3,9,11760089
2019,15,117419046,1,9,11760090
2019,17,117419046,3,9,11760091
2019,5,117419050,2.47,9,11760092
2019,4,117419071,1,1,11760098
2019,5,117422157,0.85,1,11769116
2019,5,117419105,1.1,1,11760103
2019,16,117422185,10,9,11769123
2019,12,117419120,4.1,1,11760104
2019,5,117422224,1,9,11769135
2019,8,117422294,1,9,11769153
2019,8,119172960,1,9,12364737
2019,5,116194715,0.4,1,11447503
2019,17,116194715,18.92,1,11447504
2019,8,116184746,1,9,11442535
2019,5,116194726,1.1,1,11447505
2019,8,116184750,2,9,11442536
2019,17,116194809,2,9,11447509
2019,4,116189712,1,9,11457477
2019,2,116189712,1,9,11457476
2019,12,116184806,3,9,11442538
2019,17,116189716,1,9,11457479
2019,5,116189716,34.5,1,11457478
2019,12,116153348,0.14,1,11426626
2019,5,116149019,1.37,1,11435510
2019,5,116153352,1,9,11426627
2019,5,116156066,1,1,11435512
2019,3,116156066,2,9,11435511
2019,17,116153353,1,9,11426629
2019,16,116153353,1,9,11426628
2019,5,116156079,1.23,1,11431173
2019,5,116153366,1,9,11426630
2019,5,116153380,10,1,11426634
2019,17,116153384,1,9,11426635
2019,5,116153386,1,9,11426636
2019,17,116153398,1.18,1,11426638
2019,12,116156102,0.16,1,11431181
2019,5,116153402,1,9,11426640
2019,17,116153402,1,9,11426641
2019,17,116153408,0.33,1,11426642
2019,5,116156134,24,9,11431187
2019,16,116153434,35,9,11426647
2019,5,116153436,28,1,11426648
2019,12,116153439,1,9,11426650
2019,4,116153439,1,9,11426649
2019,12,116152924,4.63,1,11426570
2019,5,116155770,1.5,1,11426572
2019,12,116155770,0.2,1,11431132
2019,5,117413896,7,1,11769025
2019,5,117413896,1,9,11769024
2019,5,117413899,1,11,11760022
2019,5,117414033,1,9,11769047
2019,5,115744271,1,9,11285770
2019,16,115744312,4,9,11289752
2019,12,115744312,1,9,11285781
2019,8,115744411,1,9,11289767
2019,5,115744411,1,9,11285804
2019,5,117413933,2.9,1,11763950
2019,12,117414144,3,9,11764004
2019,5,117421939,1,9,11769065
2019,4,117414161,1,9,11764007
2019,4,117414056,1.78,1,11763975
2019,5,117414098,1,1,11763993
2019,5,117421961,0.83,1,11769071
2019,5,117421964,2.46,1,11769072
2019,12,117421924,0.5,1,11769059
2019,12,117414192,1.32,1,11764017
2019,17,117414192,3,9,11764018
2019,12,117422017,1,1,11760077
2019,16,117422046,11,9,11769089
2019,12,117422046,2,1,11769088
2019,12,117414230,1,9,11764030
2019,5,117414230,1,9,11764029
2019,8,117414232,1,9,11764031
2019,5,117414245,6,9,11764035
2019,8,117414248,1,9,11764036
2019,8,117414253,16,9,11764038
2019,5,117414253,2,9,11764037
2019,16,117414258,2.88,1,11764039
2019,5,117414264,1,1,11764040
2019,8,117414266,2,9,11760097
2019,5,117414266,1,9,11760096
2019,5,121584640,1,9,13108334
2019,8,121584640,8,9,13108335
2019,16,121580009,8,9,13119181
2019,5,121580009,201,1,13108372
2019,5,115738352,1,9,11285774
2019,5,115743799,1,9,11296773
2019,5,115743809,1,9,11285784
2019,5,115738475,1,1,11296789
2019,4,115744393,1,1,11285802
2019,8,120936397,3,9,12947613
2019,12,120928203,3,9,12942690
2019,17,120936433,1,9,12947625
2019,4,120936433,1,9,12937144
2019,5,120932572,1,1,12937149
2019,8,120936457,3,9,12947626
2019,5,120509872,1,11,12852533
2019,8,120509904,1,9,12852538
2019,9,120509905,1,9,12852539
2019,5,120514815,1,11,12857532
2019,5,120509937,66.9,1,12852541
2019,12,120509943,0.9,1,12852543
2019,5,120509943,11.6,1,12852542
2019,8,120509952,1,9,12852545
2019,18,120509952,,,12852546
2019,4,120509952,1,9,12852544
2019,5,120509963,1,9,12852548
2019,8,120509965,2,9,12852549
2019,16,120509967,22,9,12852550
2019,5,120509969,2,9,12852551
2019,12,120509976,1.5,1,12852552
2019,4,120509981,1,1,12852553
2019,5,120509999,2,9,12852555
2019,4,120510005,1,9,12852556
2019,16,120510005,1,9,12852558
2019,12,120510005,1,9,12852557
2019,5,120510023,5,1,12852560
2019,5,120510034,11.5,1,12852562
2019,5,120509098,28,1,12838289
2019,5,120510043,21.6,9,12838290
2019,12,120510105,0.75,1,12852565
2019,5,120510116,4.25,1,12852568
2019,5,120510117,10,1,12852569
2019,8,120510122,1,9,12852571
2019,12,119239751,0.1,1,12364728
2019,5,119234815,0.3,1,12382494
2019,12,119234815,1,9,12382495
2019,12,119172910,11,1,12337841
2019,16,119172910,173,9,12337842
2019,8,119172910,7,9,12337840
2019,12,119239780,2.5,9,12364729
2019,16,119172950,1,9,12337851
2019,4,119172950,1,1,12337849
2019,12,119172950,1,1,12337850
2019,5,119239796,2,9,12364740
2019,8,119173065,1,9,12337877
2019,5,119239830,1,1,12364751
2019,5,119239832,2,9,12364752
2019,8,119239832,1,9,12364753
2019,17,119239833,1,9,12364754
2019,8,119173098,1,5,12364756
2019,12,119239875,1,9,12364763
2019,15,119239875,3.5,9,12364764
2019,4,119239875,1,9,12364762
2019,11,119239876,1,2,12364765
2019,8,119239882,1,9,12364766
2019,17,119239882,1,9,12364767
2019,5,119239902,1,9,12364768
2019,4,119239906,1,9,12364769
2019,17,119239906,1,9,12382563
2019,12,119239906,1,9,12364770
2019,5,119239907,1,9,12364771
2019,12,119239909,1,9,12364773
2019,5,119239909,3,9,12364772
2019,12,119239913,0.5,1,12364774
2019,5,119239949,1,9,12364777
2019,5,119240002,1,9,12364782
2019,17,119240026,1,9,12364783
2019,4,119240036,1,9,12364785
2019,5,119240073,2,9,12364789
2019,12,119240081,2,9,12364790
2019,4,119240082,1,9,12364791
2019,12,119240109,1,9,12364796
2019,8,119240158,1,9,12364808
2019,12,119240185,1,9,12364811
2019,5,119240185,2,9,12364810
2019,5,120936247,4,1,12947574
2019,8,120936247,1,9,12947575
2019,12,120936271,20,1,12947577
2019,4,120936271,3.5,1,12947576
2019,12,120936273,0.3,1,12947578
2019,5,120936284,0.9,1,12947583
2019,12,120936183,10,1,12947566
2019,4,120932461,4,9,12937122
2019,5,120936428,1,7,12947623
2019,17,120936458,3,9,12947628
2019,8,120936458,9,9,12947627
2019,4,120936459,2,9,12947629
2019,12,120936477,1,9,12947635
2019,18,120936477,,,12947636
2019,4,120936477,1,9,12947634
2019,5,120936506,200,1,12947639
2019,17,120936508,303,9,12947641
2019,5,120936508,2,9,12947640
2019,17,120936520,5,9,12947643
2019,5,120936527,1,9,12947647
2019,17,120936527,1,9,12947648
2019,5,120936543,1,9,12947650
2019,8,120936545,1,9,12947651
2019,8,120936551,1,9,12947652
2019,5,120936554,1,9,12947653
2019,5,120936555,1,9,12947654
2019,8,120936556,3,9,12947655
2019,8,120936557,1.5,1,12937194
2019,5,120936568,1,1,12947656
2019,8,120936467,1,9,12947631
2019,5,120936467,2,9,12937152
2019,5,120936429,1,9,12947624
2019,8,120936490,1,9,12947637
2019,5,115744258,1,9,11285768
2019,5,115743853,1,1,11296783
2019,8,115743895,2,9,11296794
2019,5,115743895,1,9,11296793
2019,5,115738412,1,9,11285791
2019,5,115743842,2,9,11285795
2019,12,117796494,1,1,11841899
2019,5,115738011,0.7,1,11285653
2019,5,115743457,1.2,1,11296691
2019,12,115743885,5,1,11296787
2019,5,115738496,1,9,11289765
2019,15,115743438,9,9,11296688
2019,5,115743438,0.34,1,11289668
2019,5,115743740,1,9,11296769
2019,5,115738359,2,9,11285777
2019,5,115743462,1.1,1,11289669
2019,5,119172928,1,9,12337844
2019,5,119234858,0.1,1,12382497
2019,12,120932303,1.67,1,12937093
2019,4,120932262,1.2,9,12937088
2019,12,120932262,1,1,12937089
2019,17,120932286,1,9,12937092
2019,7,120936276,1,9,12947579
2019,5,120932319,1.1,1,12937094
2019,5,120932330,1,9,12937096
2019,12,120932352,0.15,1,12937098
2019,5,120932352,1,1,12937097
2019,11,120932456,17,9,12937121
2019,2,120932456,8,1,12937120
2019,4,120514810,27.4,1,12838273
2019,5,120509912,1,9,12857533
2019,5,120932467,2,7,12937126
2019,5,120932506,1.6,1,12937135
2019,5,120932536,4,1,12937142
2019,5,120932544,1,1,12947622
2019,4,120932569,2,1,12937146
2019,12,120932569,2,1,12937147
2019,5,120932590,1,9,12937150
2019,4,120932593,1,9,12937154
2019,8,120936473,1,9,12947633
2019,5,120932603,1,7,12937155
2019,12,120932613,1,9,12937162
2019,8,120932613,1,9,12937161
2019,16,120932613,1,9,12937163
2019,8,120932615,1,9,12937164
2019,5,120932619,28.5,1,12937168
2019,5,120932622,4,1,12937169
2019,12,120932632,2,9,12937172
2019,8,120932632,3,9,12937171
2019,5,120932632,1,9,12937170
2019,5,120932633,1,9,12937173
2019,8,120932633,5,9,12937174
2019,3,120932647,2,9,12937177
2019,5,120932648,4,9,12937178
2019,4,120932661,1,9,12937182
2019,12,120932680,1,9,12937189
2019,2,120932680,1,9,12937188
2019,8,120932687,1,5,12937192
2019,8,120932695,1,5,12937193
2019,16,120932702,2,9,12937195
2019,5,120932704,1,9,12937196
2019,9,120932724,3,9,12937200
2019,18,120932724,,,12937201
2019,8,120932724,4,9,12937199
2019,5,120932726,1,9,12937202
2019,12,120932793,1,9,12937209
2019,5,120932794,1,9,12937210
2019,8,120932806,50,9,12937212
2019,8,120932833,1,9,12937214
2019,8,120932837,5,9,12937215
2019,8,120932840,1,9,12937216
2019,5,120932845,1,9,12937217
2019,5,120932884,2,1,12937223
2019,5,120932901,1,1,12937225
2019,8,120932903,3,9,12937226
2019,17,120932979,1,9,12937237
2019,4,120932979,1,9,12937235
2019,8,120932979,2,9,12937236
2019,5,120933021,1,9,12937245
2019,5,120933024,1,9,12937246
2019,12,120933028,1,9,12937248
2019,8,120933028,2,9,12937247
2019,12,120933047,2,9,12937250
2019,8,120933049,1,9,12937251
2019,5,120933056,1,9,12937252
2019,5,120933058,1,9,12937253
2019,5,120933072,2,9,12937255
2019,5,120933088,34,1,12937257
2019,2,120933125,1,9,12937260
2019,5,120933125,3,9,12937261
2019,18,120933125,,,12937262
2019,5,120933128,1,9,12937264
2019,8,120933139,1,9,12937266
2019,18,120933157,,,12937269
2019,5,120933157,29,1,12937268
2019,4,120933157,3,9,12937267
2019,4,120933163,1,9,12937270
2019,5,120933178,28,1,12937272
2019,4,120933180,2,9,12937273
2019,2,120933182,1,1,12937274
2019,8,120933183,6,9,12937276
2019,5,120933183,1,9,12937275
2019,12,120933184,1,9,12937277
2019,17,120933184,1,9,12937278
2019,12,120932222,1,11,12937080
2019,5,120936184,1.2,1,12947568
2019,2,120936184,0.8,1,12947567
2019,5,120932309,1,11,12947581
2019,12,120932324,0.5,1,12937095
2019,8,120932416,1,9,12937111
2019,5,120932240,1,9,12937084
2019,10,120932240,2,9,12937085
2019,17,120932240,4,9,12937086
2019,12,120932274,0.2,1,12937090
2019,2,120932398,5,1,12937106
2019,5,120932398,55.7,9,12937107
2019,4,120932403,1,9,12937109
2019,5,120936377,1,9,12947602
2019,12,120936377,4,9,12947603
2019,17,120932476,1,9,12937130
2019,4,120932476,1,9,12937129
2019,5,120936404,1,9,12947614
2019,12,120932400,1,1,12937108
2019,5,120932429,1,9,12937113
2019,4,120932447,1,9,12937116
2019,12,120932447,1,9,12937117
2019,16,120932447,20,9,12937118
2019,12,120936348,0.7,1,12947593
2019,5,120932233,0.6,1,12937082
2019,5,120932244,0.5,1,12937087
2019,5,120936195,3.5,1,12947569
2019,12,120932227,0.3,1,12937081
2019,8,120932464,1,9,12937125
2019,8,120932514,1,9,12947616
2019,2,120932514,1,9,12947615
2019,5,120932527,1,9,12937141
2019,4,120932527,1,9,12937140
2019,8,120932537,1,9,12937143
2019,12,120932553,7.4,1,12937145
2019,5,120928213,1,9,12942692
2019,16,120936468,1,9,12947632
2019,8,120932612,1,9,12937160
2019,8,120936494,2,9,12947638
2019,5,120932636,1,9,12937176
2019,8,120932652,1,9,12937180
2019,5,120932654,1,9,12937181
2019,5,120936534,1,9,12947649
2019,8,120932674,1,9,12937187
2019,8,120936446,1,9,12937148
2019,8,120936460,8,9,12947630
2019,17,119239729,1,11,12364726
2019,5,119239729,1,11,12364725
2019,5,119172860,1.4,1,12382487
2019,12,116194653,3.2,1,11447497
2019,5,116194655,6,1,11447499
2019,12,116194800,12.97,1,11447508
2019,5,116184828,1,9,11442539
2019,16,116194904,0.16,1,11447514
2019,17,116194905,1,9,11447515
2019,5,116189742,1,9,11442542
2019,8,116189742,2,9,11457482
2019,5,116194910,1,9,11447516
2019,16,116194921,2.98,1,11447518
2019,5,116194928,169,1,11447519
2019,5,116194930,4.71,1,11447520
2019,5,116189764,1,9,11457487
2019,5,116194933,1,9,11447521
2019,5,116194938,3.65,1,11457488
2019,5,116189774,1,1,11457490
2019,17,116194949,0.2,1,11447522
2019,5,116189778,0.9,1,11442548
2019,5,116194961,1,9,11457493
2019,5,116194963,1,3,11447523
2019,5,116194965,1.16,1,11447524
2019,8,116194969,4,9,11447525
2019,4,116194972,0.1,1,11447526
2019,5,116194988,1,9,11447527
2019,12,116195003,1,1,11447528
2019,8,116195004,1,9,11447529
2019,5,116195005,6.61,1,11447530
2019,17,116195027,1,1,11457513
2019,2,116195027,1,1,11457511
2019,5,116195027,4,1,11457512
2019,12,116195041,0.43,1,11447533
2019,8,116195055,1,9,11447534
2019,5,116195062,0.6,1,11447535
2019,5,116195071,5,9,11447538
2019,12,116195074,1,1,11447539
2019,5,116195076,500,1,11447540
2019,4,116195082,2.19,1,11447541
2019,12,116195082,1.13,1,11447542
2019,5,116195088,1,9,11447543
2019,8,116195088,4,9,11447544
2019,12,116189932,61.25,1,11457521
2019,12,116195095,0.43,1,11457522
2019,5,116195100,1,9,11447546
2019,8,116195101,1.1,1,11447547
2019,8,116195118,1,9,11447550
2019,16,116195133,2,9,11447552
2019,12,116189977,0.4,1,11457530
2019,18,116189977,,,11457532
2019,17,116189977,2.73,1,11457531
2019,5,116195138,1.24,1,11447553
2019,5,116195143,5.7,1,11447554
2019,5,116195147,6.9,1,11447555
2019,12,116195148,3.11,1,11447557
2019,4,116195148,0.86,1,11447556
2019,17,116195148,4,9,11447558
2019,8,116195159,25,9,11447559
2019,5,116190016,1,9,11457540
2019,16,116190016,1,9,11457541
2019,8,116195176,1,9,11447562
2019,18,116195176,,,11447563
2019,4,116195176,1,9,11447561
2019,8,116195187,2,9,11447566
2019,5,116195241,1,9,11447570
2019,8,116195242,4,9,11447571
2019,12,116195249,1,9,11447573
2019,5,116195253,1,9,11447574
2019,16,116195265,3,9,11447575
2019,11,116195287,1,9,11447582
2019,5,116195287,4,9,11447581
2019,5,116195289,2,9,11447583
2019,5,116195290,1,9,11447584
2019,8,116195327,1,9,11447586
2019,4,116195360,1,9,11447589
2019,12,116195360,1,9,11447590
2019,8,116195361,10,9,11447592
2019,5,116195361,4,9,11447591
2019,5,116195376,1,9,11447593
2019,5,116195411,1,9,11447599
2019,4,116195428,1,9,11447600
2019,12,116195428,1,9,11447601
2019,8,119173111,6,9,12337886
2019,17,119173139,1,9,12337896
2019,5,119173139,0.28,1,12337895
2019,5,119173154,1,9,12337899
2019,5,119173183,1,9,12337911
2019,4,119173188,28,1,12337913
2019,8,119235038,1,9,12382547
2019,5,119172988,12.1,1,12337860
2019,4,119173002,1,9,12337864
2019,5,119173002,8,1,12337865
2019,5,119173024,3.805,3,12337870
2019,16,119239816,7,9,12364746
2019,5,119239816,2,9,12364745
2019,5,119173041,1,9,12337873
2019,12,119239818,7.2,1,12364747
2019,18,119239818,,,12364749
2019,17,119239818,523,1,12364748
2019,16,119173089,3,9,12337880
2019,8,119173108,1,9,12337884
2019,8,119173110,1,1,12337885
2019,16,119173127,5,9,12337892
2019,12,119173127,1,9,12337891
2019,8,119173127,1,9,12337890
2019,12,119173157,1,9,12337902
2019,4,119173157,2,9,12337900
2019,5,119173157,1,9,12337901
2019,8,119173164,1,9,12337905
2019,5,119173174,1,9,12337906
2019,17,119172866,7,9,12337832
2019,5,119173145,1,1,12337897
2019,5,119173186,2.1,1,12337912
2019,5,119173253,2,1,12337918
2019,4,119173257,0.25,1,12337919
2019,12,119173257,1.75,1,12337920
2019,4,119234983,1,9,12382534
2019,4,119173007,1,9,12337866
2019,12,119173007,1,9,12337867
2019,12,119173023,1,9,12337868
2019,16,119173023,1,9,12337869
2019,5,119173027,3,1,12337871
2019,5,119235001,1,9,12337872
2019,5,116194654,1.5,1,11447498
2019,5,116194688,12.14,1,11457472
2019,16,116194648,1,11,11447496
2019,4,116194704,0.4,1,11447502
2019,12,116194779,1.5,1,11447506
2019,5,116184785,1.59,9,11442537
2019,5,119172870,0.3,1,12337834
2019,12,119172870,0.7,1,12337835
2019,4,119172870,1.8,9,12337833
2019,12,119172895,0.5,1,12337836
2019,5,119172904,5,1,12337837
2019,12,119172907,11.7,1,12337838
2019,5,119172909,24.5,1,12337839
2019,12,119172917,0.7,1,12337843
2019,5,119173101,1,9,12337881
2019,5,119239849,10,1,12337903
2019,8,119239849,16,9,12337904
2019,8,119173175,1,9,12337908
2019,5,119173175,1,9,12337907
2019,4,119173208,1,1,12337916
2019,5,119172861,4,1,12337831
2019,8,119172983,1,9,12337858
2019,4,120928206,1,9,12947620
2019,16,120928206,8,9,12947621
2019,8,120928210,1,9,12942691
2019,8,119172981,1,9,12337856
2019,5,119172996,1,9,12337862
2019,18,119172996,,,12337863
2019,4,119172996,1,9,12337861
2019,8,119239806,1,9,12364743
2019,12,119173045,1,1,12337876
2019,8,119173066,1,9,12337878
2019,5,119173129,1,9,12337893
2019,8,119173179,4,9,12337910
2019,5,119173179,1,9,12337909
2019,5,119173287,1,1,12337922
2019,17,119173287,1,9,12337923
2019,12,119239928,5.5,1,12364775
2019,8,119173317,5,9,12337925
2019,5,119173319,1,9,12337926
2019,5,119239938,1,9,12364776
2019,8,119173330,1,9,12337928
2019,5,119173330,5,9,12337927
2019,4,119173344,1,9,12337929
2019,5,119173344,5,9,12337930
2019,12,119173347,1,1,12337931
2019,4,119173391,1,9,12337933
2019,5,119173391,1,9,12337934
2019,12,116050417,9,1,11397379
2019,5,116050822,2,9,11397480
2019,12,116055447,1,9,11397489
2019,8,116055447,1,9,11397488
2019,5,116050931,2,9,11397498
2019,5,116055331,1,1,11402435
2019,8,116055247,1,9,11402417
2019,8,116050704,1,9,11397447
2019,4,116055317,1,9,11402432
2019,8,116055317,1,9,11402433
2019,4,116055406,2,9,11397477
2019,18,116055406,,,11397479
2019,12,116055406,1,9,11397478
2019,4,116055506,1,9,11397497
2019,12,116055033,2.3,1,11402378
2019,12,116055298,1,9,11402427
2019,8,116050750,1,9,11397456
2019,5,116050750,1,9,11397455
2019,5,116050818,1,9,11397476
2019,5,116050830,1,1,11397483
2019,8,116050689,10,9,11397444
2019,16,116050689,27,9,11397445
2019,8,116055336,8,5,11397458
2019,5,116050707,1,9,11397448
2019,5,116054975,1.6,1,11402370
2019,16,116055290,1,9,11402426
2019,12,116055521,1,9,11402467
2019,8,116055528,7,9,11402471
2019,5,116055528,3,1,11402470
2019,17,116055528,1,9,11402472
2019,5,116054979,3,1,11397373
2019,4,116055311,1,9,11397450
2019,16,116050767,1,9,11397466
2019,5,116055407,1,9,11402450
2019,5,116050828,1,9,11397482
2019,16,116050439,20,9,11402375
2019,8,116050672,1,9,11397441
2019,8,116055303,5,9,11402429
2019,12,116055339,1,9,11397460
2019,16,116055339,1,9,11402437
2019,8,116050817,1,9,11397475
2019,5,116050725,2,9,11402430
2019,5,116050735,1,9,11397451
2019,5,116050762,1,1,11397461
2019,8,116055328,1,5,11397453
2019,8,116055490,2,9,11402460
2019,5,116054974,0.3,1,11402369
2019,5,115738032,0.7,1,11289670
2019,5,115744295,1,9,11289748
2019,2,115744295,2,9,11296770
2019,4,115744391,1,1,11289764
2019,12,115744391,1,1,11285801
2019,4,116148564,1,9,11435450
2019,17,116148623,59,9,11435455
2019,5,116148678,2.5,1,11426575
2019,17,116148712,30,9,11435465
2019,5,116148712,1.43,1,11435464
2019,5,116155820,1,9,11431134
2019,17,116153097,0.47,1,11426580
2019,17,116148791,4.87,1,11435475
2019,12,116148844,0.76,1,11435484
2019,4,116153182,1,9,11426593
2019,12,116148864,1.14,1,11435488
2019,5,116148865,2.95,1,11435489
2019,5,116155877,2,9,11431139
2019,12,116148867,2.42,1,11435490
2019,5,116148881,0.28,1,11435491
2019,5,116155898,6.49,1,11431144
2019,5,116155902,4.6,1,11431145
2019,8,116148892,1,9,11435496
2019,5,116148892,2,9,11435495
2019,12,116155909,1,1,11431146
2019,5,116148911,0.59,1,11435497
2019,12,116148924,0.54,1,11435498
2019,12,116148944,1,7,11435499
2019,5,116155980,1,9,11431161
2019,12,116148986,0.43,1,11435500
2019,5,116148988,4.96,1,11435501
2019,5,116148992,0.22,1,11435502
2019,5,116153336,1,9,11426624
2019,5,116149009,2,9,11435503
2019,5,116149011,1,9,11435506
2019,12,116149012,0.57,1,11435508
2019,4,116149012,0.25,1,11435507
2019,2,116149013,1,9,11435509
2019,5,116149023,1,1,11435513
2019,17,116149023,1,1,11435514
2019,12,116149024,0.1,1,11435515
2019,17,116149027,1,9,11435516
2019,5,116149055,1.88,1,11435520
2019,8,116149104,2,9,11435528
2019,12,116149107,1.18,1,11435529
2019,5,116149108,1,9,11435530
2019,5,116149112,1,7,11435531
2019,12,116149115,1,9,11435533
2019,4,116149116,1,9,11435534
2019,8,116149116,2,9,11435536
2019,5,116149116,1,9,11435535
2019,4,116149136,6,9,11435537
2019,12,116149136,3,9,11435538
2019,15,116149153,2,9,11435541
2019,17,116149153,1,9,11435542
2019,8,116149153,3,9,11435540
2019,8,116149157,1,9,11435543
2019,5,116149181,2,9,11435544
2019,12,116149198,1,9,11435545
2019,12,116149204,1,1,11435548
2019,5,116149223,1,9,11435552
2019,5,116149228,1,7,11435553
2019,8,116149231,1,9,11435554
2019,8,116149239,2,9,11435556
2019,12,116149245,1,9,11435557
2019,8,116149259,1,9,11435559
2019,5,116149259,2,9,11435558
2019,5,116149267,3,1,11435561
2019,4,116149286,1,1,11435565
2019,17,116149286,1,9,11435567
2019,12,116149286,1,1,11435566
2019,12,116148687,0.6,5,11435461
2019,12,116148752,0.49,1,11435469
2019,5,116194811,2,9,11447510
2019,5,116189710,1,9,11457474
2019,12,116189710,3164,1,11457475
2019,5,116194836,1,9,11447511
2019,5,116189717,7.2,1,11457480
2019,17,116189730,10,9,11457481
2019,12,116189749,1,1,11457484
2019,12,116189750,1.1,1,11447517
2019,8,116189751,1,9,11442543
2019,5,116189752,1,9,11457485
2019,5,116189768,3.85,1,11457489
2019,8,116189780,1,9,11457491
2019,5,116189792,0.7,1,11457494
2019,2,116189801,1,9,11457495
2019,8,116184909,1,9,11442552
2019,5,116189808,5.2,1,11457496
2019,16,116189809,14,9,11457498
2019,4,116189809,0.88,1,11457497
2019,5,116189823,2,9,11457499
2019,5,116189826,1.65,1,11457500
2019,5,116189833,1,9,11457501
2019,5,116189834,3.5,1,11457502
2019,5,116189845,2.68,1,11457503
2019,8,116189846,10,9,11457505
2019,16,116189846,1,9,11457506
2019,5,116189846,1,9,11457504
2019,5,116195006,0.46,8,11447531
2019,5,116189847,0.64,1,11457507
2019,5,116189857,1,9,11457508
2019,5,116189862,1,9,11457509
2019,5,116189863,1.86,1,11457510
2019,5,116189883,2,9,11457514
2019,12,116189909,1,9,11457518
2019,5,116189930,1,9,11457520
2019,5,116189947,2.17,1,11457524
2019,4,116189954,0.39,1,11457525
2019,12,116189954,0.9,1,11457527
2019,5,116189954,0.14,1,11457526
2019,12,116195117,2.7,1,11447549
2019,5,116195117,38.43,1,11447548
2019,5,116195120,2,9,11447551
2019,5,116189975,1,9,11457529
2019,12,116190001,1.12,1,11457537
2019,5,116190006,1,9,11457538
2019,5,116190014,1.58,1,11457539
2019,5,116190029,2.57,1,11457542
2019,5,116190031,1.31,1,11457543
2019,8,116190032,5,9,11457544
2019,12,116190032,2,9,11457545
2019,5,116190033,1,7,11457546
2019,5,116190051,0.52,1,11457547
2019,12,116190058,0.13,1,11457548
2019,5,116190059,0.63,1,11457549
2019,17,116190060,1,1,11457550
2019,5,116190087,1,9,11457555
2019,5,116190103,1,9,11457556
2019,2,116190109,1,1,11457557
2019,5,116190114,1,1,11457558
2019,5,120319166,1,1,12800333
2019,12,120319166,1,1,12800334
2019,5,120285996,1,7,12792792
2019,12,120286004,2,9,12792796
2019,2,120286010,1,9,12792798
2019,12,120286020,1,9,12792800
2019,5,120286020,1,9,12792799
2019,12,120286025,1,1,12792801
2019,12,120286035,1,9,12792802
2019,5,120286056,1,9,12792805
2019,5,120286062,1,1,12792806
2019,5,120286090,1,9,12792813
2019,2,120286102,1,9,12792814
2019,8,120286118,1,9,12792818
2019,5,120286133,1,9,12792822
2019,5,120286152,3,9,12792826
2019,4,120286155,1,9,12792827
2019,12,120286155,1,9,12792828
2019,8,120286178,2,9,12792830
2019,8,120286186,2,9,12792832
2019,5,120286204,1,1,12792837
2019,11,120286247,1,9,12792839
2019,5,120286247,2,9,12792838
2019,5,120286266,1,9,12792843
2019,12,120286280,1,9,12792846
2019,5,120286281,2,9,12792847
2019,5,120286294,1,9,12792848
2019,15,120286313,1,9,12792854
2019,5,120286313,1,9,12792852
2019,12,120286313,1,9,12792853
2019,5,120286325,1,9,12792856
2019,8,120286325,1,9,12792857
2019,8,120286336,7,9,12792859
2019,4,120286364,1,9,12792864
2019,5,120286365,1,9,12792865
2019,5,120286382,1,1,12792867
2019,5,120286428,1,9,12792874
2019,8,120286428,1,9,12792875
2019,17,120286450,2,7,12792880
2019,7,120286450,1,1,12792879
2019,5,120286451,1,9,12792881
2019,5,121564185,11.1,1,13108266
2019,5,121579786,0.6,1,13119145
2019,12,121564561,0.3,8,13108314
2019,17,121579965,2,9,13108322
2019,5,121579979,2,1,13119171
2019,12,121584627,1,1,13108333
2019,5,121579983,1,1,13119172
2019,5,121584683,1,1,13108349
2019,4,121580002,1,9,13108352
2019,5,121579740,6.8,1,13119142
2019,5,121564225,0.5,1,13113999
2019,2,121578126,0.3,1,13114000
2019,5,121578126,5,1,13114001
2019,5,121579787,0.2,1,13119146
2019,5,121579812,0.5,1,13119149
2019,5,121578257,1,1,13114014
2019,8,121579999,1,9,13119177
2019,5,121578287,3,9,13108351
2019,8,121584838,1,7,13108397
2019,5,121584838,3,9,13108395
2019,4,121584857,1,9,13108403
2019,16,121578356,28,9,13114033
2019,8,121580032,1,9,13119186
2019,5,121580032,1,9,13108426
2019,5,121580036,4.9,1,13119188
2019,12,121584997,3,1,13108431
2019,12,121585033,1,9,13114036
2019,13,121585116,1,9,13108445
2019,5,121580056,1,9,13119195
2019,5,122856543,2,9,13384770
2019,5,122852277,0.7,1,13381465
2019,17,122856625,8,1,13384784
2019,5,122856635,2,9,13384786
2019,5,121580061,1,1,13119197
2019,5,122856715,7.34,1,13384795
2019,16,122852351,2,9,13381469
2019,4,121580066,2,9,13108459
2019,12,121580066,3,9,13108460
2019,8,121585174,6,1,13108462
2019,5,121580078,1.13,1,13119200
2019,16,121580078,2,7,13119201
2019,8,121578444,3,9,13114046
2019,12,121580083,0.42,1,13119202
2019,8,121580084,1,9,13119203
2019,5,121580100,2,9,13119205
2019,8,121580100,2,9,13119206
2019,5,122856745,3,9,13384800
2019,16,122856758,4,9,13384802
2019,12,122856758,0.34,1,13384801
2019,12,122856785,2.69,1,13384803
2019,4,122856828,1169,1,13384807
2019,12,121580143,1,9,13119213
2019,16,121580144,1,9,13119215
2019,8,122856828,1751,1,13384808
2019,5,122856935,1,9,13384819
2019,8,122856999,4,9,13384829
2019,17,121580169,2,9,13119219
2019,8,121580169,1,9,13119218
2019,8,122857064,1,9,13384836
2019,17,121580185,2.3,1,13119220
2019,4,121580188,17,5,13119221
2019,5,121580195,3.77,1,13119222
2019,12,121580196,0.66,1,13119223
2019,17,121585301,45.91,1,13108482
2019,5,121585301,156.82,1,13108481
2019,12,121580217,4.68,1,13119224
2019,12,121580226,0.36,1,13119225
2019,8,121580228,2,9,13119227
2019,5,121580228,1,1,13119226
2019,17,122852541,1,9,13381500
2019,8,122852541,1,9,13381499
2019,5,122857114,1,9,13384840
2019,8,122857114,1,9,13384841
2019,8,122857155,22,9,13384849
2019,4,122852577,1,9,13381507
2019,12,121579751,0.4,1,13108275
2019,5,121579894,1.8,1,13119156
2019,12,121579903,6,1,13119157
2019,5,121579789,8.8,1,13119147
2019,5,121564206,2,9,13119138
2019,12,121564206,1,11,13108273
2019,12,121579803,0.4,1,13119148
2019,12,121564207,1,11,13108274
2019,5,121579719,1.4,1,13108267
2019,12,121579876,1.4,1,13119154
2019,5,121579905,1.5,1,13119158
2019,12,121578201,6,1,13119159
2019,5,121564172,1,9,13108264
2019,12,121564270,0.6,1,13108281
2019,5,121564285,1,1,13108282
2019,5,121564313,3,9,13108283
2019,12,121564368,0.7,1,13108290
2019,5,121578203,9.5,1,13114007
2019,2,121578206,0.9,1,13108299
2019,5,121578206,16,1,13108300
2019,5,121564423,1.41,1,13108301
2019,5,121564506,1.96,1,13108306
2019,5,121564508,2.5,1,13108307
2019,8,121584623,1,9,13108332
2019,4,121584659,5,9,13108342
2019,8,121584659,6,9,13108343
2019,18,121584659,,,13108344
2019,4,121584703,0.26,1,13119178
2019,5,121584768,0.3,1,13108378
2019,15,121584774,13,9,13108382
2019,12,121584774,3,9,13108381
2019,12,121584782,2.1,1,13108384
2019,12,121584822,1,1,13108393
2019,5,121584889,18.87,1,13108410
2019,12,121584943,1,9,13108423
2019,5,121585041,2,1,13119189
2019,11,121585041,1,9,13119190
2019,5,121585054,2,9,13108439
2019,8,121585097,10,9,13119192
2019,5,121578410,3,9,13114040
2019,8,121585131,1,9,13119194
2019,17,121579947,3,9,13119164
2019,8,121584686,1,9,13108350
2019,8,121584755,1,9,13108376
2019,5,121584775,1,1,13108383
2019,8,121584817,1,9,13108392
2019,5,121578317,3.1,1,13114029
2019,5,121584867,1.6,1,13108407
2019,5,121584948,1,9,13108424
2019,12,121584948,1,9,13108425
2019,5,121578378,8,1,13114034
2019,2,121578378,2.9,1,13108435
2019,5,121579977,29,1,13108327
2019,12,121584647,11.2,1,13119173
2019,8,121584656,1,9,13108340
2019,5,121584656,1,9,13108339
2019,17,121584662,2.5,9,13119175
2019,16,121584720,4,9,13108360
2019,15,121584720,1,9,13108359
2019,8,121584732,2,9,13108363
2019,8,121584740,1,9,13108371
2019,12,121584757,4.5,1,13108377
2019,4,121584864,4,9,13108405
2019,16,121584864,1,9,13108406
2019,16,121578335,80,9,13119182
2019,12,121580027,2,9,13108415
2019,8,121580027,16,9,13119183
2019,17,121580027,1,9,13119184
2019,12,121580028,0.25,1,13119185
2019,2,121580034,0.2,1,13119187
2019,8,121584990,1,9,13108430
2019,5,121585018,5.5,1,13108434
2019,5,121585052,1.4,1,13119191
2019,17,121585052,1,9,13114038
2019,5,121564572,0.7,1,13119166
2019,5,115743828,5,9,11296777
2019,4,115738413,2,9,11285792
2019,8,120932384,1,9,12937102
2019,4,120928181,1,9,12942686
2019,17,117413901,1,11,11763945
2019,12,117413904,1,11,11769030
2019,17,117413904,1,9,11763946
2019,5,117421679,0.4,1,11763951
2019,5,117413960,1,9,11763953
2019,12,117421719,0.3,1,11769035
2019,5,117413979,1.7,1,11763955
2019,5,117418736,1,11,11760031
2019,12,117418762,0.7,1,11760035
2019,5,117418768,8,1,11760036
2019,12,117414017,7.5,9,11760038
2019,5,117414017,3.16,1,11769040
2019,12,117414081,30.45,1,11760049
2019,5,117414081,6.23,1,11763987
2019,12,117414141,1,9,11764003
2019,5,117414158,54,1,11764006
2019,8,117414158,3,9,11760066
2019,8,117421957,1,9,11769070
2019,5,117414173,1,7,11764009
2019,5,117414189,1,9,11764015
2019,12,117414190,3.4,1,11764016
2019,5,117796483,1,11,11841897
2019,16,117802392,1,9,11841903
2019,8,117802438,1,9,11846002
2019,8,117806848,2.5,9,11848103
2019,12,117806873,1.14,1,11848107
2019,5,117796599,3,9,11841905
2019,5,117806902,1,9,11848112
2019,5,117802464,3.5,1,11846005
2019,5,117802471,3.77,1,11846006
2019,12,117806914,2,9,11848115
2019,12,115734035,4,1,11285654
2019,17,115743459,2,9,11296690
2019,16,115743478,173,9,11285659
2019,12,115743478,1,9,11285658
2019,5,115744253,1,9,11289739
2019,12,115743732,1,3,11296768
2019,8,115743784,1,9,11296771
2019,12,115738433,1,9,11289757
2019,8,115738451,2,9,11296784
2019,12,115738465,1,9,11285797
2019,5,115738468,1,9,11285798
2019,5,115743826,2,9,11296776
2019,8,115743826,2,9,11285788
2019,5,115744404,20,1,11296795
2019,2,120508968,1,9,12838269
2019,12,121564256,5.1,1,13108279
2019,5,121564527,1,1,13108308
2019,8,121564551,36,9,13108313
2019,5,121564551,17,9,13119163
2019,2,121578274,1,9,13108330
2019,8,121578274,1,9,13114018
2019,5,121578274,2,9,13108331
2019,4,121578280,1,9,13108341
2019,5,117796524,2.7,1,11841901
2019,17,117802391,1,9,11841902
2019,5,117802406,0.8,1,11845992
2019,5,116152938,2,9,11426571
2019,8,120509915,8,9,12852540
2019,12,120509008,1,1,12838275
2019,17,120509019,3,9,12838276
2019,5,120509020,0.4,1,12838277
2019,5,120509024,3.6,1,12838278
2019,16,120509036,6,9,12838279
2019,5,120509037,18,9,12838280
2019,16,120509037,5,9,12838281
2019,5,120509040,6,1,12838282
2019,2,120509055,1,9,12838284
2019,5,120509056,3.75,1,12838285
2019,5,120509069,1,9,12838286
2019,12,120509075,0.5,1,12838287
2019,5,120509087,1.4,1,12838288
2019,5,120509139,1.2,1,12838291
2019,5,120509141,2,9,12838292
2019,5,120509151,9.2,9,12838293
2019,5,120509159,2,9,12838294
2019,5,120509166,1,9,12838295
2019,15,120510112,1,9,12852567
2019,12,120510112,1,1,12852566
2019,12,120509169,2,9,12838296
2019,8,120509172,2,9,12838297
2019,16,120509211,3,9,12838304
2019,4,120509211,1,9,12838303
2019,2,120509217,1,1,12838305
2019,5,120509221,1,1,12838306
2019,4,120509233,1,1,12838307
2019,5,120509241,1,1,12838308
2019,12,120509248,1,1,12838311
2019,5,120509248,1,1,12838310
2019,5,120509250,1,9,12838312
2019,12,120509267,1,1,12838315
2019,4,120509267,1,1,12838314
2019,5,120509279,1,9,12838316
2019,16,120509311,3,9,12838328
2019,18,120509318,,,12838332
2019,4,120509318,1,9,12838330
2019,12,120509318,3,9,12838331
2019,8,120509333,1,9,12838333
2019,4,120509357,1,9,12838335
2019,5,120509360,1,1,12838336
2019,15,120509367,1,9,12838341
2019,5,120509367,1,1,12838340
2019,5,120509371,2,1,12838342
2019,8,120509419,2,5,12838348
2019,8,120509421,1,9,12838349
2019,5,120509439,1,9,12838351
2019,5,120509461,28,1,12838352
2019,8,120509461,1,9,12838353
2019,16,120509464,8,9,12838354
2019,5,120509473,2,9,12838355
2019,5,120509514,1,9,12838360
2019,4,120509516,1,1,12838361
2019,5,120509533,1,1,12838362
2019,5,120509545,1,9,12838363
2019,8,120509554,2,9,12838365
2019,5,120509897,16,1,12852537
2019,12,116152798,0.3,1,11426559
2019,12,116152769,0.9,1,11426555
2019,5,116152769,6.5,1,11426554
2019,5,116152786,1.5,1,11426557
2019,5,116152809,0.6,1,11426560
2019,8,116152846,4,9,11426565
2019,5,116152846,5,9,11426564
2019,18,116152846,,,11426566
2019,16,116148527,137,9,11435446
2019,12,116148699,3.1,1,11435462
2019,16,116148760,1,9,11435470
2019,12,116153111,0.3,1,11426582
2019,5,116153136,1,9,11426584
2019,5,116153172,1,9,11426589
2019,12,116153175,0.52,1,11426590
2019,12,116153177,1.39,9,11426591
2019,5,115733960,3.7,1,11296681
2019,12,115743415,0.7,1,11289666
2019,12,115737996,0.6,1,11285652
2019,12,115738354,2,9,11285775
2019,17,115738354,1,9,11285776
2019,4,115743837,1,1,11285790
2019,5,115744341,1,1,11285793
2019,8,115744381,1,5,11289761
2019,5,116152793,1,9,11426558
2019,8,116152841,1,5,11426562
2019,5,116152867,1,1,11426567
2019,17,116148614,0.94,1,11435453
2019,8,116148639,1,9,11435457
2019,5,116148639,2,9,11435456
2019,8,116153063,1,9,11435467
2019,5,116153093,5.4,1,11426579
2019,5,116153098,1,9,11426581
2019,12,116148808,0.7,1,11435476
2019,5,116153138,1,9,11426585
2019,8,116148843,2,9,11435483
2019,12,116153178,0.68,1,11426592
2019,12,116153188,5.44,1,11426594
2019,5,116153197,1,9,11426596
2019,5,116155890,0.29,1,11431141
2019,12,116155890,0.43,1,11431142
2019,8,116153220,2,9,11426602
2019,5,116153220,1,9,11426601
2019,5,116153226,0.14,1,11426603
2019,8,116153240,1,9,11426604
2019,5,116155926,1.52,1,11431149
2019,8,116153243,1,9,11426605
2019,12,116153248,0.2,1,11426606
2019,12,116153254,0.12,1,11426607
2019,17,116153266,0.35,1,11426608
2019,5,116153268,9.1,1,11426609
2019,5,116153286,1,1,11431158
2019,5,116153292,1,9,11426611
2019,4,116155982,2,1,11431162
2019,13,116155982,1,9,11431163
2019,16,116153299,25,9,11426614
2019,12,116153299,0.1,1,11426613
2019,5,116153305,1,9,11426615
2019,17,116153305,2,9,11426616
2019,5,116153306,2,9,11426617
2019,16,116153313,2,9,11426618
2019,5,116153326,1,9,11426619
2019,5,116153330,1,9,11426620
2019,5,116156028,1,9,11431166
2019,12,116153334,5.9,1,11426622
2019,17,116153335,25.46,9,11426623
2019,16,116156036,1,9,11431168
2019,12,116153344,2.32,1,11426625
2019,4,115737952,1,9,11296683
2019,5,115737952,0.4,1,11285645
2019,12,115743443,0.9,1,11296689
2019,16,115743467,3,9,11296692
2019,5,115743713,1,9,11285764
2019,8,115744259,1,9,11289742
2019,5,115744259,1,9,11285769
2019,12,115743844,0.5,1,11296781
2019,5,115743872,1,1,11296785
2019,8,115743876,1,9,11289760
2019,12,116148521,16.2,9,11435444
2019,8,116152861,1,9,11435445
2019,12,117806780,0.7,1,11848099
2019,5,117806852,2.8,1,11848104
2019,5,122856630,1.53,1,13384785
2019,4,122852321,1,1,13381467
2019,12,122856670,0.88,1,13384790
2019,17,122852324,1,9,13381468
2019,12,122856675,4.78,1,13384791
2019,5,122852384,2.44,4,13381472
2019,12,122852385,1,9,13381473
2019,12,122852426,3.77,1,13381477
2019,8,122852441,1,9,13381480
2019,12,122852441,0.69,1,13384817
2019,17,122852441,1,9,13381481
2019,5,122852471,1.94,1,13381488
2019,16,122852471,0.55,1,13381489
2019,8,122852472,1,9,13381490
2019,5,122856968,1,9,13381492
2019,8,122852485,1,9,13381493
2019,5,122852488,0.99,1,13381494
2019,12,122857054,2.72,1,13384833
2019,16,122852548,1,9,13384844
2019,5,122857126,5,9,13384846
2019,5,122857139,1,9,13384848
2019,12,122852564,0.31,1,13381503
2019,5,122852579,1,9,13381508
2019,5,122852595,2,9,13381510
2019,8,122852609,3,9,13381511
2019,8,122852614,1,9,13381512
2019,4,122852618,2,9,13381513
2019,8,122852631,1,9,13381514
2019,8,122852636,1,7,13381515
2019,4,122852637,1,9,13381516
2019,18,122852637,,,13381518
2019,8,122852637,2,9,13381517
2019,5,122852639,1,9,13381519
2019,17,122852639,1,9,13381520
2019,15,122852643,2,9,13381521
2019,5,122852647,2,9,13381522
2019,5,122852682,1,1,13381523
2019,5,121564341,18.1,1,13108285
2019,12,121578191,0.5,1,13114005
2019,5,121578191,0.3,1,13108287
2019,5,121564360,1,9,13108288
2019,5,121564421,2.9,1,13108298
2019,12,121564478,0.2,1,13108303
2019,12,121564501,3.4,1,13119160
2019,16,121578267,0.2,1,13114017
2019,12,121578267,1,1,13114016
2019,5,121580006,1,1,13114020
2019,4,121578293,1,9,13114022
2019,8,121584726,1,9,13108362
2019,5,121584726,1,9,13108361
2019,5,121584846,1,9,13108400
2019,8,121584937,9,9,13108421
2019,12,121584969,1.34,1,13108427
2019,12,121584979,1,9,13108428
2019,9,121584987,2,9,13108429
2019,5,121585013,2,9,13108433
2019,12,121585032,1,9,13114035
2019,8,121585032,1,9,13108437
2019,12,121578412,1.25,1,13108448
2019,5,121579746,0.3,1,13119143
2019,12,121579746,1.9,1,13119144
2019,5,122829436,1,11,13381070
2019,4,122850226,1,11,13384434
2019,5,122850247,1,1,13381084
2019,12,122850306,1.38,1,13384442
2019,5,122854596,0.35,1,13384445
2019,12,122854636,1.4,1,13381098
2019,5,122854653,2.14,1,13381100
2019,16,122850491,1,1,13381118
2019,5,122850494,3.92,1,13381120
2019,5,122852718,2,9,13381524
2019,8,122852721,2,9,13381525
2019,8,122852727,1,9,13381526
2019,16,122852727,3,9,13381527
2019,5,122852730,1,9,13381528
2019,8,122852737,1,9,13381529
2019,8,122852738,1,9,13381530
2019,8,122852739,1,9,13381531
2019,5,122852743,2,9,13381533
2019,12,122850494,0.4,1,13381121
2019,8,122854801,2,9,13384477
2019,6,122854801,1,11,13384476
2019,12,122854801,1.95,1,13384478
2019,12,122855267,0.35,1,13381174
2019,12,122855280,0.12,1,13384539
2019,12,122855331,7.29,1,13384549
2019,5,122850873,0.5,1,13381199
2019,12,122850873,2.21,1,13381200
2019,16,122855854,4,9,13384647
2019,5,122851286,38,1,13381297
2019,5,117421621,1,11,11769027
2019,5,117421629,1,9,11769031
2019,5,117418649,1,9,11760023
2019,9,117418653,3,9,11760025
2019,5,117421681,1,9,11769033
2019,5,117421802,27,1,11769037
2019,12,117421819,1.5,1,11760037
2019,17,117421819,2,9,11769038
2019,5,117421830,0.26,1,11769039
2019,16,117418806,1,9,11760039
2019,5,117414054,2.71,1,11763974
2019,16,117418900,6.5,9,11760053
2019,5,117418901,1,9,11760054
2019,5,117414142,1,9,11769062
2019,8,117414142,8,9,11769063
2019,17,117418955,1,9,11760071
2019,16,117414176,1,9,11764011
2019,17,117414178,1,9,11764012
2019,8,117418962,3,9,11760072
2019,8,117422055,2,9,11769094
2019,2,117419023,1.67,1,11764032
2019,17,117419027,4,9,11760087
2019,5,117422074,3,9,11769101
2019,12,117422079,1,9,11769102
2019,5,117419045,56,1,11760088
2019,8,122857340,1,9,13384897
2019,5,122857341,9,1,13384898
2019,11,122857341,22,1,13384899
2019,4,122857344,1,9,13384900
2019,12,122857344,1,9,13384901
2019,5,122857349,1,9,13384902
2019,7,122849996,1,9,13381037
2019,5,122829333,3,1,13384403
2019,5,122850135,2,9,13381063
2019,7,122829511,9,9,13384433
2019,5,122854631,1,1,13384452
2019,4,122850425,12.37,1,13381104
2019,12,122854984,0.2,1,13384501
2019,5,122850720,0.28,1,13381164
2019,12,122855122,3.86,1,13381165
2019,5,122855175,1,9,13384520
2019,12,122855197,4.22,1,13384527
2019,5,122855202,11.21,1,13384529
2019,12,122855214,1.1,1,13384532
2019,5,122850184,3.77,1,13384421
2019,16,122850233,1,11,13381079
2019,4,122850319,1.5,1,13384443
2019,16,122850319,50,9,13384444
2019,12,122850341,2.19,1,13384448
2019,7,122854646,18,9,13384455
2019,12,122854686,1.63,1,13384460
2019,17,122850433,1.5,9,13381109
2019,12,122850433,3.13,1,13381108
2019,16,122850504,438,1,13381124
2019,12,122850608,0.91,1,13381152
2019,12,122854931,21.52,1,13384497
2019,12,122855176,1.1,1,13384522
2019,4,122855176,3.3,1,13384521
2019,4,122855235,1,1,13381173
2019,17,122855327,3,9,13384547
2019,12,122850249,0.71,1,13384438
2019,12,122854922,1,11,13384496
2019,4,122855207,0.52,1,13384530
2019,5,122855301,30.64,5,13384541
2019,5,122851121,1,3,13381263
2019,5,122855730,2.1,1,13384621
2019,12,122855749,1,9,13384626
2019,5,122855749,1,9,13384623
2019,5,122855757,1.82,1,13384627
2019,5,122855831,0.5,1,13381285
2019,12,122855901,1,9,13384657
2019,5,122855908,0.67,1,13384658
2019,12,122855908,11.7,1,13384659
2019,5,122851514,1,9,13381336
2019,8,122851556,2,9,13381344
2019,12,122851556,4.37,1,13381346
2019,8,122855999,1,9,13384674
2019,5,122856016,1,7,13384679
2019,8,122856095,176,9,13381380
2019,12,122856095,0.3,1,13384697
2019,5,122856095,1.47,1,13381379
2019,16,122851795,0.11,1,13381391
2019,5,122856200,3,9,13381406
2019,16,122856356,1,9,13384739
2019,5,122852080,0.8,1,13381440
2019,17,122855365,1,9,13384553
2019,4,122850933,1,9,13381215
2019,18,122850933,,,13381216
2019,8,122850933,2,9,13384575
2019,4,122855490,0.16,1,13381220
2019,12,122855503,4,9,13381225
2019,12,122850999,2.74,1,13381234
2019,4,122850999,1.15,1,13381233
2019,8,122855541,1,9,13381236
2019,5,122855541,1,9,13384589
2019,18,122855541,,,13381237
2019,12,122855617,0.47,1,13381251
2019,8,122855750,1,5,13384624
2019,1,122851239,1,9,13381289
2019,4,122851285,0.81,1,13381296
2019,16,122851315,3,9,13381304
2019,12,122829242,1,1,13384390
2019,4,122829337,2.65,1,13384404
2019,5,122829509,0.1,1,13384432
2019,5,122850346,5.68,1,13381094
2019,12,122850374,2,1,13384454
2019,4,122854694,2.63,1,13384463
2019,2,122854694,0.53,1,13384462
2019,12,122854799,2.1,1,13384472
2019,5,122854799,15.3,1,13381128
2019,16,122854799,1,1,13384474
2019,17,122854897,0.5,9,13384494
2019,16,122855344,8.86,1,13381179
2019,5,122829248,4,1,13384391
2019,12,122829264,7,5,13384392
2019,5,122829279,14,1,13384395
2019,12,122829287,1.82,1,13384396
2019,4,122829287,22.89,1,13381033
2019,5,122829287,0.46,1,13381034
2019,4,122850026,1.68,1,13381047
2019,12,122829410,1.76,1,13384413
2019,5,122829442,5.1,1,13384418
2019,8,122850509,66,9,13384470
2019,4,122850509,1.5,4,13384469
2019,12,122850512,9.56,1,13384471
2019,12,122850614,2.22,1,13381153
2019,12,122854952,4.99,1,13384498
2019,12,122850650,0.3,1,13384504
2019,5,122855114,1,9,13384512
2019,5,122855163,1.58,1,13384518
2019,5,122855196,1,11,13384526
2019,5,122850790,1,9,13384542
2019,16,122855524,1,9,13381230
2019,5,122855524,2,1,13381228
2019,15,122855524,2,9,13381229
2019,5,122829326,2,1,13384401
2019,5,122829390,16.9,1,13384407
2019,5,122850252,2,1,13381086
2019,5,122854611,0.84,1,13381092
2019,4,122854611,8.1,1,13381091
2019,12,122854611,5.71,1,13381093
2019,5,122850366,4.23,1,13381099
2019,12,122854835,2.43,1,13381131
2019,12,122854861,1,1,13384485
2019,12,122854955,1.51,1,13384499
2019,12,122854981,1.1,1,13381156
2019,5,122855009,7.8,1,13381159
2019,5,122850706,1,9,13384509
2019,5,122855160,4.57,1,13384516
2019,12,122855160,2.46,8,13384517
2019,12,122855192,3.15,1,13384525
2019,5,122855201,6,1,13384528
2019,5,122855238,1,9,13384535
2019,8,122855330,3,1,13384548
2019,12,122850981,4.75,1,13384583
2019,17,122851080,1,9,13381257
2019,5,122851080,1,9,13381255
2019,12,122851080,2,9,13381256
2019,5,122855763,1,9,13384629
2019,5,122855785,3,9,13384635
2019,12,122855862,0.66,1,13384648
2019,4,122851432,1,5,13381320
2019,5,122851554,1,3,13381342
2019,5,122851655,1393.17,1,13381359
2019,8,122856112,2,9,13384700
2019,8,122851772,1,9,13384704
2019,12,122856129,24.26,1,13381386
2019,8,122856237,2,5,13384721
2019,5,122856309,8.57,1,13384730
2019,4,122856354,1,1,13384738
2019,12,122856371,1,9,13384743
2019,12,122856389,6.75,1,13384747
2019,5,122856406,2,9,13384752
2019,5,122856473,2.94,1,13384761
2019,16,122852228,2,9,13381457
2019,12,122856577,0.87,1,13384774
2019,16,122856592,2,9,13384780
2019,12,122856592,0.14,1,13384779
2019,5,122856592,1.35,1,13384778
2019,5,122856612,0.18,1,13384782
2019,12,122856622,0.2,1,13384783
2019,17,122856653,5.5,9,13384789
2019,12,122856653,90,9,13384787
2019,16,122856653,15,9,13384788
2019,8,122856676,1,1,13384792
2019,5,122856716,0.52,1,13384796
2019,5,122852398,108.6,1,13381474
2019,12,122856822,0.43,1,13384806
2019,12,122852423,1,9,13381476
2019,5,122856897,0.88,1,13384816
2019,12,122856944,0.85,1,13384821
2019,8,122856945,7,9,13384822
2019,8,122852502,1,9,13384831
2019,12,122852502,1,9,13384832
2019,5,122857062,1.6,1,13384835
2019,12,122857071,0.53,1,13381498
2019,17,122857168,1,9,13384851
2019,8,122857172,1,9,13384852
2019,5,121579721,11,1,13108268
2019,5,121564212,0.9,1,13119140
2019,12,121564212,0.5,1,13119141
2019,12,121579761,0.4,1,13108276
2019,12,121564353,1,9,13108286
2019,17,121564502,40,9,13108305
2019,12,121564502,4.12,1,13108304
2019,8,121579974,2,9,13108326
2019,5,121579994,2,9,13108348
2019,5,121584705,1,9,13119179
2019,17,121584705,1,9,13108357
2019,8,121584705,21,9,13108356
2019,8,121584738,1,9,13108368
2019,5,121584738,2,9,13108366
2019,13,121584738,1,9,13108370
2019,5,121584753,1,9,13108374
2019,5,121584798,2,1,13108386
2019,5,121584836,1,9,13108396
2019,5,121584844,2,9,13108398
2019,8,121584844,2,9,13108399
2019,16,121584844,1,9,13114028
2019,5,121584876,0.7,1,13108408
2019,5,121584926,44,1,13108416
2019,16,121584926,9,9,13108418
2019,12,121584926,1,1,13108417
2019,8,121585001,1,9,13108432
2019,5,121585068,1,9,13108440
2019,5,121578409,1,9,13108444
2019,12,121585164,1,9,13108458
2019,2,121585181,1,1,13108464
2019,12,121585210,2,9,13108466
2019,5,121578481,2,9,13114049
2019,4,121578481,1,9,13114048
2019,5,121585261,2,7,13108470
2019,17,121585281,5.66,1,13108473
2019,12,121585281,3.37,1,13108472
2019,12,121585292,2,9,13108474
2019,5,121585294,1,9,13108475
2019,5,121585317,1,9,13108486
2019,8,121585317,3,9,13108487
2019,5,121585328,2.15,1,13108489
2019,8,121585338,2,9,13108490
2019,5,121585397,1,9,13108495
2019,2,121585407,3,9,13108496
2019,18,121585407,,,13108498
2019,5,121585407,3,9,13108497
2019,8,121585408,1,9,13108499
2019,15,121585408,1,9,13108500
2019,16,121585413,2,9,13108503
2019,8,121585413,1,9,13108501
2019,11,121585413,1,9,13108502
2019,5,121585417,1,9,13108504
2019,5,121585423,1,1,13108505
2019,12,121585425,2,9,13108507
2019,5,121585425,2,9,13108506
2019,4,121585426,3,9,13108508
2019,12,121585448,1,9,13108509
2019,4,121585453,1,9,13108512
2019,2,121585453,1,9,13108511
2019,8,121585468,3,9,13108515
2019,16,121585469,2,9,13108516
2019,5,121585474,2,9,13108517
2019,12,121585485,2,1,13108519
2019,5,121585497,14,1,13108520
2019,5,121585501,1,9,13108523
2019,8,121585512,1,1,13108524
2019,5,121585514,1,9,13108525
2019,5,121585531,1,9,13108526
2019,8,121585537,1,9,13108528
2019,5,121585537,5,1,13108527
2019,2,121585538,1,9,13108529
2019,5,121585538,3,9,13108530
2019,18,121585538,,,13108531
2019,5,121585544,1,9,13108532
2019,8,121585555,8,9,13108533
2019,5,121585559,3,1,13108534
2019,5,121585562,1,9,13108536
2019,15,121585567,1,9,13108537
2019,8,121585569,1,9,13108538
2019,8,121585571,1,9,13108540
2019,5,121585571,1,9,13108539
2019,8,121585572,4,9,13108542
2019,5,121585572,2,9,13108541
2019,5,121585576,1,9,13108543
2019,5,121585577,1,9,13108544
2019,5,115737934,1,9,11285642
2019,5,115737958,0.7,1,11285646
2019,5,115744324,1,9,11289754
2019,8,115738418,6,9,11285794
2019,16,115743886,1,9,11296788
2019,5,115738492,1,9,11296792
2019,5,115738515,1,9,11296796
2019,12,116148599,5.18,1,11435452
2019,5,116148680,1,1,11435460
2019,16,116148708,21,9,11435463
2019,5,116148736,25,1,11435466
2019,5,116148746,1,9,11435468
2019,5,116148764,1.5,1,11435471
2019,16,116148789,1,7,11435474
2019,5,116148789,7.62,1,11435473
2019,12,116155837,1.5,1,11431135
2019,17,116155837,25,7,11431136
2019,5,116148828,1.31,1,11435478
2019,4,116148832,5,9,11435479
2019,12,116148832,1,9,11435480
2019,5,116153163,2.16,1,11426588
2019,5,116148853,1,9,11435486
2019,12,116148853,0.12,1,11435487
2019,12,116148617,0.39,1,11435454
2019,5,116155798,1,9,11431133
2019,5,116153042,1.25,1,11426578
